-- phpMyAdmin SQL Dump
-- version 4.1.7
-- http://www.phpmyadmin.net
--
-- Host: localhost
-- Generation Time: Apr 22, 2016 alle 15:55
-- Versione del server: 5.1.71-community-log
-- PHP Version: 5.3.10

SET SQL_MODE = "NO_AUTO_VALUE_ON_ZERO";
SET time_zone = "+00:00";


/*!40101 SET @OLD_CHARACTER_SET_CLIENT=@@CHARACTER_SET_CLIENT */;
/*!40101 SET @OLD_CHARACTER_SET_RESULTS=@@CHARACTER_SET_RESULTS */;
/*!40101 SET @OLD_COLLATION_CONNECTION=@@COLLATION_CONNECTION */;
/*!40101 SET NAMES utf8 */;

--
-- Database: `my_appsalvagente`
--

-- --------------------------------------------------------

--
-- Struttura della tabella `City`
--

CREATE TABLE IF NOT EXISTS `City` (
  `ID` int(11) NOT NULL AUTO_INCREMENT,
  `Name` char(35) NOT NULL DEFAULT '',
  `CountryCode` char(3) NOT NULL DEFAULT '',
  `Description` varchar(1500) CHARACTER SET utf8 COLLATE utf8_unicode_ci NOT NULL,
  PRIMARY KEY (`ID`),
  KEY `CountryCode` (`CountryCode`)
) ENGINE=MyISAM  DEFAULT CHARSET=latin1 AUTO_INCREMENT=4082 ;

--
-- Dump dei dati per la tabella `City`
--

INSERT INTO `City` (`ID`, `Name`, `CountryCode`, `Description`) VALUES
(1, 'Kabul', 'AFG', ''),
(2, 'Qandahar', 'AFG', ''),
(3, 'Herat', 'AFG', ''),
(4, 'Mazar-e-Sharif', 'AFG', ''),
(5, 'Amsterdam', 'NLD', ''),
(6, 'Rotterdam', 'NLD', ''),
(7, 'Haag', 'NLD', ''),
(8, 'Utrecht', 'NLD', ''),
(9, 'Eindhoven', 'NLD', ''),
(10, 'Tilburg', 'NLD', ''),
(11, 'Groningen', 'NLD', ''),
(12, 'Breda', 'NLD', ''),
(13, 'Apeldoorn', 'NLD', ''),
(14, 'Nijmegen', 'NLD', ''),
(15, 'Enschede', 'NLD', ''),
(16, 'Haarlem', 'NLD', ''),
(17, 'Almere', 'NLD', ''),
(18, 'Arnhem', 'NLD', ''),
(19, 'Zaanstad', 'NLD', ''),
(20, '´s-Hertogenbosch', 'NLD', ''),
(21, 'Amersfoort', 'NLD', ''),
(22, 'Maastricht', 'NLD', ''),
(23, 'Dordrecht', 'NLD', ''),
(24, 'Leiden', 'NLD', ''),
(25, 'Haarlemmermeer', 'NLD', ''),
(26, 'Zoetermeer', 'NLD', ''),
(27, 'Emmen', 'NLD', ''),
(28, 'Zwolle', 'NLD', ''),
(29, 'Ede', 'NLD', ''),
(30, 'Delft', 'NLD', ''),
(31, 'Heerlen', 'NLD', ''),
(32, 'Alkmaar', 'NLD', ''),
(33, 'Willemstad', 'ANT', ''),
(34, 'Tirana', 'ALB', ''),
(35, 'Alger', 'DZA', ''),
(36, 'Oran', 'DZA', ''),
(37, 'Constantine', 'DZA', ''),
(38, 'Annaba', 'DZA', ''),
(39, 'Batna', 'DZA', ''),
(40, 'Sétif', 'DZA', ''),
(41, 'Sidi Bel Abbès', 'DZA', ''),
(42, 'Skikda', 'DZA', ''),
(43, 'Biskra', 'DZA', ''),
(44, 'Blida (el-Boulaida)', 'DZA', ''),
(45, 'Béjaïa', 'DZA', ''),
(46, 'Mostaganem', 'DZA', ''),
(47, 'Tébessa', 'DZA', ''),
(48, 'Tlemcen (Tilimsen)', 'DZA', ''),
(49, 'Béchar', 'DZA', ''),
(50, 'Tiaret', 'DZA', ''),
(51, 'Ech-Chleff (el-Asnam)', 'DZA', ''),
(52, 'Ghardaïa', 'DZA', ''),
(53, 'Tafuna', 'ASM', ''),
(54, 'Fagatogo', 'ASM', ''),
(55, 'Andorra la Vella', 'AND', ''),
(56, 'Luanda', 'AGO', ''),
(57, 'Huambo', 'AGO', ''),
(58, 'Lobito', 'AGO', ''),
(59, 'Benguela', 'AGO', ''),
(60, 'Namibe', 'AGO', ''),
(61, 'South Hill', 'AIA', ''),
(62, 'The Valley', 'AIA', ''),
(63, 'Saint John´s', 'ATG', ''),
(64, 'Dubai', 'ARE', ''),
(65, 'Abu Dhabi', 'ARE', ''),
(66, 'Sharja', 'ARE', ''),
(67, 'al-Ayn', 'ARE', ''),
(68, 'Ajman', 'ARE', ''),
(69, 'Buenos Aires', 'ARG', ''),
(70, 'La Matanza', 'ARG', ''),
(71, 'Córdoba', 'ARG', ''),
(72, 'Rosario', 'ARG', ''),
(73, 'Lomas de Zamora', 'ARG', ''),
(74, 'Quilmes', 'ARG', ''),
(75, 'Almirante Brown', 'ARG', ''),
(76, 'La Plata', 'ARG', ''),
(77, 'Mar del Plata', 'ARG', ''),
(78, 'San Miguel de Tucumán', 'ARG', ''),
(79, 'Lanús', 'ARG', ''),
(80, 'Merlo', 'ARG', ''),
(81, 'General San Martín', 'ARG', ''),
(82, 'Salta', 'ARG', ''),
(83, 'Moreno', 'ARG', ''),
(84, 'Santa Fé', 'ARG', ''),
(85, 'Avellaneda', 'ARG', ''),
(86, 'Tres de Febrero', 'ARG', ''),
(87, 'Morón', 'ARG', ''),
(88, 'Florencio Varela', 'ARG', ''),
(89, 'San Isidro', 'ARG', ''),
(90, 'Tigre', 'ARG', ''),
(91, 'Malvinas Argentinas', 'ARG', ''),
(92, 'Vicente López', 'ARG', ''),
(93, 'Berazategui', 'ARG', ''),
(94, 'Corrientes', 'ARG', ''),
(95, 'San Miguel', 'ARG', ''),
(96, 'Bahía Blanca', 'ARG', ''),
(97, 'Esteban Echeverría', 'ARG', ''),
(98, 'Resistencia', 'ARG', ''),
(99, 'José C. Paz', 'ARG', ''),
(100, 'Paraná', 'ARG', ''),
(101, 'Godoy Cruz', 'ARG', ''),
(102, 'Posadas', 'ARG', ''),
(103, 'Guaymallén', 'ARG', ''),
(104, 'Santiago del Estero', 'ARG', ''),
(105, 'San Salvador de Jujuy', 'ARG', ''),
(106, 'Hurlingham', 'ARG', ''),
(107, 'Neuquén', 'ARG', ''),
(108, 'Ituzaingó', 'ARG', ''),
(109, 'San Fernando', 'ARG', ''),
(110, 'Formosa', 'ARG', ''),
(111, 'Las Heras', 'ARG', ''),
(112, 'La Rioja', 'ARG', ''),
(113, 'San Fernando del Valle de Cata', 'ARG', ''),
(114, 'Río Cuarto', 'ARG', ''),
(115, 'Comodoro Rivadavia', 'ARG', ''),
(116, 'Mendoza', 'ARG', ''),
(117, 'San Nicolás de los Arroyos', 'ARG', ''),
(118, 'San Juan', 'ARG', ''),
(119, 'Escobar', 'ARG', ''),
(120, 'Concordia', 'ARG', ''),
(121, 'Pilar', 'ARG', ''),
(122, 'San Luis', 'ARG', ''),
(123, 'Ezeiza', 'ARG', ''),
(124, 'San Rafael', 'ARG', ''),
(125, 'Tandil', 'ARG', ''),
(126, 'Yerevan', 'ARM', ''),
(127, 'Gjumri', 'ARM', ''),
(128, 'Vanadzor', 'ARM', ''),
(129, 'Oranjestad', 'ABW', ''),
(130, 'Sydney', 'AUS', ''),
(131, 'Melbourne', 'AUS', ''),
(132, 'Brisbane', 'AUS', ''),
(133, 'Perth', 'AUS', ''),
(134, 'Adelaide', 'AUS', ''),
(135, 'Canberra', 'AUS', ''),
(136, 'Gold Coast', 'AUS', ''),
(137, 'Newcastle', 'AUS', ''),
(138, 'Central Coast', 'AUS', ''),
(139, 'Wollongong', 'AUS', ''),
(140, 'Hobart', 'AUS', ''),
(141, 'Geelong', 'AUS', ''),
(142, 'Townsville', 'AUS', ''),
(143, 'Cairns', 'AUS', ''),
(144, 'Baku', 'AZE', ''),
(145, 'Gäncä', 'AZE', ''),
(146, 'Sumqayit', 'AZE', ''),
(147, 'Mingäçevir', 'AZE', ''),
(148, 'Nassau', 'BHS', ''),
(149, 'al-Manama', 'BHR', ''),
(150, 'Dhaka', 'BGD', ''),
(151, 'Chittagong', 'BGD', ''),
(152, 'Khulna', 'BGD', ''),
(153, 'Rajshahi', 'BGD', ''),
(154, 'Narayanganj', 'BGD', ''),
(155, 'Rangpur', 'BGD', ''),
(156, 'Mymensingh', 'BGD', ''),
(157, 'Barisal', 'BGD', ''),
(158, 'Tungi', 'BGD', ''),
(159, 'Jessore', 'BGD', ''),
(160, 'Comilla', 'BGD', ''),
(161, 'Nawabganj', 'BGD', ''),
(162, 'Dinajpur', 'BGD', ''),
(163, 'Bogra', 'BGD', ''),
(164, 'Sylhet', 'BGD', ''),
(165, 'Brahmanbaria', 'BGD', ''),
(166, 'Tangail', 'BGD', ''),
(167, 'Jamalpur', 'BGD', ''),
(168, 'Pabna', 'BGD', ''),
(169, 'Naogaon', 'BGD', ''),
(170, 'Sirajganj', 'BGD', ''),
(171, 'Narsinghdi', 'BGD', ''),
(172, 'Saidpur', 'BGD', ''),
(173, 'Gazipur', 'BGD', ''),
(174, 'Bridgetown', 'BRB', ''),
(175, 'Antwerpen', 'BEL', ''),
(176, 'Gent', 'BEL', ''),
(177, 'Charleroi', 'BEL', ''),
(178, 'Liège', 'BEL', ''),
(179, 'Bruxelles [Brussel]', 'BEL', ''),
(180, 'Brugge', 'BEL', ''),
(181, 'Schaerbeek', 'BEL', ''),
(182, 'Namur', 'BEL', ''),
(183, 'Mons', 'BEL', ''),
(184, 'Belize City', 'BLZ', ''),
(185, 'Belmopan', 'BLZ', ''),
(186, 'Cotonou', 'BEN', ''),
(187, 'Porto-Novo', 'BEN', ''),
(188, 'Djougou', 'BEN', ''),
(189, 'Parakou', 'BEN', ''),
(190, 'Saint George', 'BMU', ''),
(191, 'Hamilton', 'BMU', ''),
(192, 'Thimphu', 'BTN', ''),
(193, 'Santa Cruz de la Sierra', 'BOL', ''),
(194, 'La Paz', 'BOL', ''),
(195, 'El Alto', 'BOL', ''),
(196, 'Cochabamba', 'BOL', ''),
(197, 'Oruro', 'BOL', ''),
(198, 'Sucre', 'BOL', ''),
(199, 'Potosí', 'BOL', ''),
(200, 'Tarija', 'BOL', ''),
(201, 'Sarajevo', 'BIH', ''),
(202, 'Banja Luka', 'BIH', ''),
(203, 'Zenica', 'BIH', ''),
(204, 'Gaborone', 'BWA', ''),
(205, 'Francistown', 'BWA', ''),
(206, 'São Paulo', 'BRA', ''),
(207, 'Rio de Janeiro', 'BRA', ''),
(208, 'Salvador', 'BRA', ''),
(209, 'Belo Horizonte', 'BRA', ''),
(210, 'Fortaleza', 'BRA', ''),
(211, 'Brasília', 'BRA', ''),
(212, 'Curitiba', 'BRA', ''),
(213, 'Recife', 'BRA', ''),
(214, 'Porto Alegre', 'BRA', ''),
(215, 'Manaus', 'BRA', ''),
(216, 'Belém', 'BRA', ''),
(217, 'Guarulhos', 'BRA', ''),
(218, 'Goiânia', 'BRA', ''),
(219, 'Campinas', 'BRA', ''),
(220, 'São Gonçalo', 'BRA', ''),
(221, 'Nova Iguaçu', 'BRA', ''),
(222, 'São Luís', 'BRA', ''),
(223, 'Maceió', 'BRA', ''),
(224, 'Duque de Caxias', 'BRA', ''),
(225, 'São Bernardo do Campo', 'BRA', ''),
(226, 'Teresina', 'BRA', ''),
(227, 'Natal', 'BRA', ''),
(228, 'Osasco', 'BRA', ''),
(229, 'Campo Grande', 'BRA', ''),
(230, 'Santo André', 'BRA', ''),
(231, 'João Pessoa', 'BRA', ''),
(232, 'Jaboatão dos Guararapes', 'BRA', ''),
(233, 'Contagem', 'BRA', ''),
(234, 'São José dos Campos', 'BRA', ''),
(235, 'Uberlândia', 'BRA', ''),
(236, 'Feira de Santana', 'BRA', ''),
(237, 'Ribeirão Preto', 'BRA', ''),
(238, 'Sorocaba', 'BRA', ''),
(239, 'Niterói', 'BRA', ''),
(240, 'Cuiabá', 'BRA', ''),
(241, 'Juiz de Fora', 'BRA', ''),
(242, 'Aracaju', 'BRA', ''),
(243, 'São João de Meriti', 'BRA', ''),
(244, 'Londrina', 'BRA', ''),
(245, 'Joinville', 'BRA', ''),
(246, 'Belford Roxo', 'BRA', ''),
(247, 'Santos', 'BRA', ''),
(248, 'Ananindeua', 'BRA', ''),
(249, 'Campos dos Goytacazes', 'BRA', ''),
(250, 'Mauá', 'BRA', ''),
(251, 'Carapicuíba', 'BRA', ''),
(252, 'Olinda', 'BRA', ''),
(253, 'Campina Grande', 'BRA', ''),
(254, 'São José do Rio Preto', 'BRA', ''),
(255, 'Caxias do Sul', 'BRA', ''),
(256, 'Moji das Cruzes', 'BRA', ''),
(257, 'Diadema', 'BRA', ''),
(258, 'Aparecida de Goiânia', 'BRA', ''),
(259, 'Piracicaba', 'BRA', ''),
(260, 'Cariacica', 'BRA', ''),
(261, 'Vila Velha', 'BRA', ''),
(262, 'Pelotas', 'BRA', ''),
(263, 'Bauru', 'BRA', ''),
(264, 'Porto Velho', 'BRA', ''),
(265, 'Serra', 'BRA', ''),
(266, 'Betim', 'BRA', ''),
(267, 'Jundíaí', 'BRA', ''),
(268, 'Canoas', 'BRA', ''),
(269, 'Franca', 'BRA', ''),
(270, 'São Vicente', 'BRA', ''),
(271, 'Maringá', 'BRA', ''),
(272, 'Montes Claros', 'BRA', ''),
(273, 'Anápolis', 'BRA', ''),
(274, 'Florianópolis', 'BRA', ''),
(275, 'Petrópolis', 'BRA', ''),
(276, 'Itaquaquecetuba', 'BRA', ''),
(277, 'Vitória', 'BRA', ''),
(278, 'Ponta Grossa', 'BRA', ''),
(279, 'Rio Branco', 'BRA', ''),
(280, 'Foz do Iguaçu', 'BRA', ''),
(281, 'Macapá', 'BRA', ''),
(282, 'Ilhéus', 'BRA', ''),
(283, 'Vitória da Conquista', 'BRA', ''),
(284, 'Uberaba', 'BRA', ''),
(285, 'Paulista', 'BRA', ''),
(286, 'Limeira', 'BRA', ''),
(287, 'Blumenau', 'BRA', ''),
(288, 'Caruaru', 'BRA', ''),
(289, 'Santarém', 'BRA', ''),
(290, 'Volta Redonda', 'BRA', ''),
(291, 'Novo Hamburgo', 'BRA', ''),
(292, 'Caucaia', 'BRA', ''),
(293, 'Santa Maria', 'BRA', ''),
(294, 'Cascavel', 'BRA', ''),
(295, 'Guarujá', 'BRA', ''),
(296, 'Ribeirão das Neves', 'BRA', ''),
(297, 'Governador Valadares', 'BRA', ''),
(298, 'Taubaté', 'BRA', ''),
(299, 'Imperatriz', 'BRA', ''),
(300, 'Gravataí', 'BRA', ''),
(301, 'Embu', 'BRA', ''),
(302, 'Mossoró', 'BRA', ''),
(303, 'Várzea Grande', 'BRA', ''),
(304, 'Petrolina', 'BRA', ''),
(305, 'Barueri', 'BRA', ''),
(306, 'Viamão', 'BRA', ''),
(307, 'Ipatinga', 'BRA', ''),
(308, 'Juazeiro', 'BRA', ''),
(309, 'Juazeiro do Norte', 'BRA', ''),
(310, 'Taboão da Serra', 'BRA', ''),
(311, 'São José dos Pinhais', 'BRA', ''),
(312, 'Magé', 'BRA', ''),
(313, 'Suzano', 'BRA', ''),
(314, 'São Leopoldo', 'BRA', ''),
(315, 'Marília', 'BRA', ''),
(316, 'São Carlos', 'BRA', ''),
(317, 'Sumaré', 'BRA', ''),
(318, 'Presidente Prudente', 'BRA', ''),
(319, 'Divinópolis', 'BRA', ''),
(320, 'Sete Lagoas', 'BRA', ''),
(321, 'Rio Grande', 'BRA', ''),
(322, 'Itabuna', 'BRA', ''),
(323, 'Jequié', 'BRA', ''),
(324, 'Arapiraca', 'BRA', ''),
(325, 'Colombo', 'BRA', ''),
(326, 'Americana', 'BRA', ''),
(327, 'Alvorada', 'BRA', ''),
(328, 'Araraquara', 'BRA', ''),
(329, 'Itaboraí', 'BRA', ''),
(330, 'Santa Bárbara d´Oeste', 'BRA', ''),
(331, 'Nova Friburgo', 'BRA', ''),
(332, 'Jacareí', 'BRA', ''),
(333, 'Araçatuba', 'BRA', ''),
(334, 'Barra Mansa', 'BRA', ''),
(335, 'Praia Grande', 'BRA', ''),
(336, 'Marabá', 'BRA', ''),
(337, 'Criciúma', 'BRA', ''),
(338, 'Boa Vista', 'BRA', ''),
(339, 'Passo Fundo', 'BRA', ''),
(340, 'Dourados', 'BRA', ''),
(341, 'Santa Luzia', 'BRA', ''),
(342, 'Rio Claro', 'BRA', ''),
(343, 'Maracanaú', 'BRA', ''),
(344, 'Guarapuava', 'BRA', ''),
(345, 'Rondonópolis', 'BRA', ''),
(346, 'São José', 'BRA', ''),
(347, 'Cachoeiro de Itapemirim', 'BRA', ''),
(348, 'Nilópolis', 'BRA', ''),
(349, 'Itapevi', 'BRA', ''),
(350, 'Cabo de Santo Agostinho', 'BRA', ''),
(351, 'Camaçari', 'BRA', ''),
(352, 'Sobral', 'BRA', ''),
(353, 'Itajaí', 'BRA', ''),
(354, 'Chapecó', 'BRA', ''),
(355, 'Cotia', 'BRA', ''),
(356, 'Lages', 'BRA', ''),
(357, 'Ferraz de Vasconcelos', 'BRA', ''),
(358, 'Indaiatuba', 'BRA', ''),
(359, 'Hortolândia', 'BRA', ''),
(360, 'Caxias', 'BRA', ''),
(361, 'São Caetano do Sul', 'BRA', ''),
(362, 'Itu', 'BRA', ''),
(363, 'Nossa Senhora do Socorro', 'BRA', ''),
(364, 'Parnaíba', 'BRA', ''),
(365, 'Poços de Caldas', 'BRA', ''),
(366, 'Teresópolis', 'BRA', ''),
(367, 'Barreiras', 'BRA', ''),
(368, 'Castanhal', 'BRA', ''),
(369, 'Alagoinhas', 'BRA', ''),
(370, 'Itapecerica da Serra', 'BRA', ''),
(371, 'Uruguaiana', 'BRA', ''),
(372, 'Paranaguá', 'BRA', ''),
(373, 'Ibirité', 'BRA', ''),
(374, 'Timon', 'BRA', ''),
(375, 'Luziânia', 'BRA', ''),
(376, 'Macaé', 'BRA', ''),
(377, 'Teófilo Otoni', 'BRA', ''),
(378, 'Moji-Guaçu', 'BRA', ''),
(379, 'Palmas', 'BRA', ''),
(380, 'Pindamonhangaba', 'BRA', ''),
(381, 'Francisco Morato', 'BRA', ''),
(382, 'Bagé', 'BRA', ''),
(383, 'Sapucaia do Sul', 'BRA', ''),
(384, 'Cabo Frio', 'BRA', ''),
(385, 'Itapetininga', 'BRA', ''),
(386, 'Patos de Minas', 'BRA', ''),
(387, 'Camaragibe', 'BRA', ''),
(388, 'Bragança Paulista', 'BRA', ''),
(389, 'Queimados', 'BRA', ''),
(390, 'Araguaína', 'BRA', ''),
(391, 'Garanhuns', 'BRA', ''),
(392, 'Vitória de Santo Antão', 'BRA', ''),
(393, 'Santa Rita', 'BRA', ''),
(394, 'Barbacena', 'BRA', ''),
(395, 'Abaetetuba', 'BRA', ''),
(396, 'Jaú', 'BRA', ''),
(397, 'Lauro de Freitas', 'BRA', ''),
(398, 'Franco da Rocha', 'BRA', ''),
(399, 'Teixeira de Freitas', 'BRA', ''),
(400, 'Varginha', 'BRA', ''),
(401, 'Ribeirão Pires', 'BRA', ''),
(402, 'Sabará', 'BRA', ''),
(403, 'Catanduva', 'BRA', ''),
(404, 'Rio Verde', 'BRA', ''),
(405, 'Botucatu', 'BRA', ''),
(406, 'Colatina', 'BRA', ''),
(407, 'Santa Cruz do Sul', 'BRA', ''),
(408, 'Linhares', 'BRA', ''),
(409, 'Apucarana', 'BRA', ''),
(410, 'Barretos', 'BRA', ''),
(411, 'Guaratinguetá', 'BRA', ''),
(412, 'Cachoeirinha', 'BRA', ''),
(413, 'Codó', 'BRA', ''),
(414, 'Jaraguá do Sul', 'BRA', ''),
(415, 'Cubatão', 'BRA', ''),
(416, 'Itabira', 'BRA', ''),
(417, 'Itaituba', 'BRA', ''),
(418, 'Araras', 'BRA', ''),
(419, 'Resende', 'BRA', ''),
(420, 'Atibaia', 'BRA', ''),
(421, 'Pouso Alegre', 'BRA', ''),
(422, 'Toledo', 'BRA', ''),
(423, 'Crato', 'BRA', ''),
(424, 'Passos', 'BRA', ''),
(425, 'Araguari', 'BRA', ''),
(426, 'São José de Ribamar', 'BRA', ''),
(427, 'Pinhais', 'BRA', ''),
(428, 'Sertãozinho', 'BRA', ''),
(429, 'Conselheiro Lafaiete', 'BRA', ''),
(430, 'Paulo Afonso', 'BRA', ''),
(431, 'Angra dos Reis', 'BRA', ''),
(432, 'Eunápolis', 'BRA', ''),
(433, 'Salto', 'BRA', ''),
(434, 'Ourinhos', 'BRA', ''),
(435, 'Parnamirim', 'BRA', ''),
(436, 'Jacobina', 'BRA', ''),
(437, 'Coronel Fabriciano', 'BRA', ''),
(438, 'Birigui', 'BRA', ''),
(439, 'Tatuí', 'BRA', ''),
(440, 'Ji-Paraná', 'BRA', ''),
(441, 'Bacabal', 'BRA', ''),
(442, 'Cametá', 'BRA', ''),
(443, 'Guaíba', 'BRA', ''),
(444, 'São Lourenço da Mata', 'BRA', ''),
(445, 'Santana do Livramento', 'BRA', ''),
(446, 'Votorantim', 'BRA', ''),
(447, 'Campo Largo', 'BRA', ''),
(448, 'Patos', 'BRA', ''),
(449, 'Ituiutaba', 'BRA', ''),
(450, 'Corumbá', 'BRA', ''),
(451, 'Palhoça', 'BRA', ''),
(452, 'Barra do Piraí', 'BRA', ''),
(453, 'Bento Gonçalves', 'BRA', ''),
(454, 'Poá', 'BRA', ''),
(455, 'Águas Lindas de Goiás', 'BRA', ''),
(456, 'London', 'GBR', 'La rete della metropolitana di Londra è la più antica del mondo (1863), la più estesa (407 km) e la più utilizzata (785 milioni di viaggi l''anno). Purtroppo è anche la più inaffidabile: i guasti, in media, si verificano ogni sedici minuti.\r\nLondra è un vivace centro turistico tutto l''anno. Poche attrazioni chiudono o riducono, notevolmente, gli orari di apertura in inverno. Il clima è, ovviamente, più favorevole in piena estate, in particolare, a luglio e agosto, ma persino in quei mesi non è detto che il tempo sia soleggiato, ed, inoltre, quello è proprio il periodo in cui la città è maggiormente invasa dai turisti e i prezzi lievitano. \r\nIl clima di Londra è uno dei più miti di tutta l''Inghilterra, con inverni umidi, ma non eccessivamente freddi ed estati moderatamente calde. Tuttavia, a Londra il tempo è estremamente instabile. La pioggia è molto frequente anche in piena estate.Le temperature in estate si aggirano in media sui 18°C ma a volte raggiungono anche i 30°C. In primavera e in autunno la temperatura media oscilla tra gli 11°C e i 15°C. In inverno le temperature si abbassano fino a poco meno di 6°C, e solo di rado scendono sottozero. L''''umidità spesso, però, fa percepire un freddo molto più intenso.'),
(457, 'Birmingham', 'GBR', ''),
(458, 'Glasgow', 'GBR', ''),
(459, 'Liverpool', 'GBR', ''),
(460, 'Edinburgh', 'GBR', ''),
(461, 'Sheffield', 'GBR', ''),
(462, 'Manchester', 'GBR', ''),
(463, 'Leeds', 'GBR', ''),
(464, 'Bristol', 'GBR', ''),
(465, 'Cardiff', 'GBR', ''),
(466, 'Coventry', 'GBR', ''),
(467, 'Leicester', 'GBR', ''),
(468, 'Bradford', 'GBR', ''),
(469, 'Belfast', 'GBR', ''),
(470, 'Nottingham', 'GBR', ''),
(471, 'Kingston upon Hull', 'GBR', ''),
(472, 'Plymouth', 'GBR', ''),
(473, 'Stoke-on-Trent', 'GBR', ''),
(474, 'Wolverhampton', 'GBR', ''),
(475, 'Derby', 'GBR', ''),
(476, 'Swansea', 'GBR', ''),
(477, 'Southampton', 'GBR', ''),
(478, 'Aberdeen', 'GBR', ''),
(479, 'Northampton', 'GBR', ''),
(480, 'Dudley', 'GBR', ''),
(481, 'Portsmouth', 'GBR', ''),
(482, 'Newcastle upon Tyne', 'GBR', ''),
(483, 'Sunderland', 'GBR', ''),
(484, 'Luton', 'GBR', ''),
(485, 'Swindon', 'GBR', ''),
(486, 'Southend-on-Sea', 'GBR', ''),
(487, 'Walsall', 'GBR', ''),
(488, 'Bournemouth', 'GBR', ''),
(489, 'Peterborough', 'GBR', ''),
(490, 'Brighton', 'GBR', ''),
(491, 'Blackpool', 'GBR', ''),
(492, 'Dundee', 'GBR', ''),
(493, 'West Bromwich', 'GBR', ''),
(494, 'Reading', 'GBR', ''),
(495, 'Oldbury/Smethwick (Warley)', 'GBR', ''),
(496, 'Middlesbrough', 'GBR', ''),
(497, 'Huddersfield', 'GBR', ''),
(498, 'Oxford', 'GBR', ''),
(499, 'Poole', 'GBR', ''),
(500, 'Bolton', 'GBR', ''),
(501, 'Blackburn', 'GBR', ''),
(502, 'Newport', 'GBR', ''),
(503, 'Preston', 'GBR', ''),
(504, 'Stockport', 'GBR', ''),
(505, 'Norwich', 'GBR', ''),
(506, 'Rotherham', 'GBR', ''),
(507, 'Cambridge', 'GBR', ''),
(508, 'Watford', 'GBR', ''),
(509, 'Ipswich', 'GBR', ''),
(510, 'Slough', 'GBR', ''),
(511, 'Exeter', 'GBR', ''),
(512, 'Cheltenham', 'GBR', ''),
(513, 'Gloucester', 'GBR', ''),
(514, 'Saint Helens', 'GBR', ''),
(515, 'Sutton Coldfield', 'GBR', ''),
(516, 'York', 'GBR', ''),
(517, 'Oldham', 'GBR', ''),
(518, 'Basildon', 'GBR', ''),
(519, 'Worthing', 'GBR', ''),
(520, 'Chelmsford', 'GBR', ''),
(521, 'Colchester', 'GBR', ''),
(522, 'Crawley', 'GBR', ''),
(523, 'Gillingham', 'GBR', ''),
(524, 'Solihull', 'GBR', ''),
(525, 'Rochdale', 'GBR', ''),
(526, 'Birkenhead', 'GBR', ''),
(527, 'Worcester', 'GBR', ''),
(528, 'Hartlepool', 'GBR', ''),
(529, 'Halifax', 'GBR', ''),
(530, 'Woking/Byfleet', 'GBR', ''),
(531, 'Southport', 'GBR', ''),
(532, 'Maidstone', 'GBR', ''),
(533, 'Eastbourne', 'GBR', ''),
(534, 'Grimsby', 'GBR', ''),
(535, 'Saint Helier', 'GBR', ''),
(536, 'Douglas', 'GBR', ''),
(537, 'Road Town', 'VGB', ''),
(538, 'Bandar Seri Begawan', 'BRN', ''),
(539, 'Sofija', 'BGR', ''),
(540, 'Plovdiv', 'BGR', ''),
(541, 'Varna', 'BGR', ''),
(542, 'Burgas', 'BGR', ''),
(543, 'Ruse', 'BGR', ''),
(544, 'Stara Zagora', 'BGR', ''),
(545, 'Pleven', 'BGR', ''),
(546, 'Sliven', 'BGR', ''),
(547, 'Dobric', 'BGR', ''),
(548, 'Šumen', 'BGR', ''),
(549, 'Ouagadougou', 'BFA', ''),
(550, 'Bobo-Dioulasso', 'BFA', ''),
(551, 'Koudougou', 'BFA', ''),
(552, 'Bujumbura', 'BDI', ''),
(553, 'George Town', 'CYM', ''),
(554, 'Santiago de Chile', 'CHL', ''),
(555, 'Puente Alto', 'CHL', ''),
(556, 'Viña del Mar', 'CHL', ''),
(557, 'Valparaíso', 'CHL', ''),
(558, 'Talcahuano', 'CHL', ''),
(559, 'Antofagasta', 'CHL', ''),
(560, 'San Bernardo', 'CHL', ''),
(561, 'Temuco', 'CHL', ''),
(562, 'Concepción', 'CHL', ''),
(563, 'Rancagua', 'CHL', ''),
(564, 'Arica', 'CHL', ''),
(565, 'Talca', 'CHL', ''),
(566, 'Chillán', 'CHL', ''),
(567, 'Iquique', 'CHL', ''),
(568, 'Los Angeles', 'CHL', ''),
(569, 'Puerto Montt', 'CHL', ''),
(570, 'Coquimbo', 'CHL', ''),
(571, 'Osorno', 'CHL', ''),
(572, 'La Serena', 'CHL', ''),
(573, 'Calama', 'CHL', ''),
(574, 'Valdivia', 'CHL', ''),
(575, 'Punta Arenas', 'CHL', ''),
(576, 'Copiapó', 'CHL', ''),
(577, 'Quilpué', 'CHL', ''),
(578, 'Curicó', 'CHL', ''),
(579, 'Ovalle', 'CHL', ''),
(580, 'Coronel', 'CHL', ''),
(581, 'San Pedro de la Paz', 'CHL', ''),
(582, 'Melipilla', 'CHL', ''),
(583, 'Avarua', 'COK', ''),
(584, 'San José', 'CRI', ''),
(585, 'Djibouti', 'DJI', ''),
(586, 'Roseau', 'DMA', ''),
(587, 'Santo Domingo de Guzmán', 'DOM', ''),
(588, 'Santiago de los Caballeros', 'DOM', ''),
(589, 'La Romana', 'DOM', ''),
(590, 'San Pedro de Macorís', 'DOM', ''),
(591, 'San Francisco de Macorís', 'DOM', ''),
(592, 'San Felipe de Puerto Plata', 'DOM', ''),
(593, 'Guayaquil', 'ECU', ''),
(594, 'Quito', 'ECU', ''),
(595, 'Cuenca', 'ECU', ''),
(596, 'Machala', 'ECU', ''),
(597, 'Santo Domingo de los Colorados', 'ECU', ''),
(598, 'Portoviejo', 'ECU', ''),
(599, 'Ambato', 'ECU', ''),
(600, 'Manta', 'ECU', ''),
(601, 'Duran [Eloy Alfaro]', 'ECU', ''),
(602, 'Ibarra', 'ECU', ''),
(603, 'Quevedo', 'ECU', ''),
(604, 'Milagro', 'ECU', ''),
(605, 'Loja', 'ECU', ''),
(606, 'Ríobamba', 'ECU', ''),
(607, 'Esmeraldas', 'ECU', ''),
(608, 'Cairo', 'EGY', ''),
(609, 'Alexandria', 'EGY', ''),
(610, 'Giza', 'EGY', ''),
(611, 'Shubra al-Khayma', 'EGY', ''),
(612, 'Port Said', 'EGY', ''),
(613, 'Suez', 'EGY', ''),
(614, 'al-Mahallat al-Kubra', 'EGY', ''),
(615, 'Tanta', 'EGY', ''),
(616, 'al-Mansura', 'EGY', ''),
(617, 'Luxor', 'EGY', ''),
(618, 'Asyut', 'EGY', ''),
(619, 'Bahtim', 'EGY', ''),
(620, 'Zagazig', 'EGY', ''),
(621, 'al-Faiyum', 'EGY', ''),
(622, 'Ismailia', 'EGY', ''),
(623, 'Kafr al-Dawwar', 'EGY', ''),
(624, 'Assuan', 'EGY', ''),
(625, 'Damanhur', 'EGY', ''),
(626, 'al-Minya', 'EGY', ''),
(627, 'Bani Suwayf', 'EGY', ''),
(628, 'Qina', 'EGY', ''),
(629, 'Sawhaj', 'EGY', ''),
(630, 'Shibin al-Kawm', 'EGY', ''),
(631, 'Bulaq al-Dakrur', 'EGY', ''),
(632, 'Banha', 'EGY', ''),
(633, 'Warraq al-Arab', 'EGY', ''),
(634, 'Kafr al-Shaykh', 'EGY', ''),
(635, 'Mallawi', 'EGY', ''),
(636, 'Bilbays', 'EGY', ''),
(637, 'Mit Ghamr', 'EGY', ''),
(638, 'al-Arish', 'EGY', ''),
(639, 'Talkha', 'EGY', ''),
(640, 'Qalyub', 'EGY', ''),
(641, 'Jirja', 'EGY', ''),
(642, 'Idfu', 'EGY', ''),
(643, 'al-Hawamidiya', 'EGY', ''),
(644, 'Disuq', 'EGY', ''),
(645, 'San Salvador', 'SLV', ''),
(646, 'Santa Ana', 'SLV', ''),
(647, 'Mejicanos', 'SLV', ''),
(648, 'Soyapango', 'SLV', ''),
(649, 'San Miguel', 'SLV', ''),
(650, 'Nueva San Salvador', 'SLV', ''),
(651, 'Apopa', 'SLV', ''),
(652, 'Asmara', 'ERI', ''),
(653, 'Madrid', 'ESP', ''),
(654, 'Barcelona', 'ESP', ''),
(655, 'Valencia', 'ESP', ''),
(656, 'Sevilla', 'ESP', ''),
(657, 'Zaragoza', 'ESP', ''),
(658, 'Málaga', 'ESP', ''),
(659, 'Bilbao', 'ESP', ''),
(660, 'Las Palmas de Gran Canaria', 'ESP', ''),
(661, 'Murcia', 'ESP', ''),
(662, 'Palma de Mallorca', 'ESP', ''),
(663, 'Valladolid', 'ESP', ''),
(664, 'Córdoba', 'ESP', ''),
(665, 'Vigo', 'ESP', ''),
(666, 'Alicante [Alacant]', 'ESP', ''),
(667, 'Gijón', 'ESP', ''),
(668, 'L´Hospitalet de Llobregat', 'ESP', ''),
(669, 'Granada', 'ESP', ''),
(670, 'A Coruña (La Coruña)', 'ESP', ''),
(671, 'Vitoria-Gasteiz', 'ESP', ''),
(672, 'Santa Cruz de Tenerife', 'ESP', ''),
(673, 'Badalona', 'ESP', ''),
(674, 'Oviedo', 'ESP', ''),
(675, 'Móstoles', 'ESP', ''),
(676, 'Elche [Elx]', 'ESP', ''),
(677, 'Sabadell', 'ESP', ''),
(678, 'Santander', 'ESP', ''),
(679, 'Jerez de la Frontera', 'ESP', ''),
(680, 'Pamplona [Iruña]', 'ESP', ''),
(681, 'Donostia-San Sebastián', 'ESP', ''),
(682, 'Cartagena', 'ESP', ''),
(683, 'Leganés', 'ESP', ''),
(684, 'Fuenlabrada', 'ESP', ''),
(685, 'Almería', 'ESP', ''),
(686, 'Terrassa', 'ESP', ''),
(687, 'Alcalá de Henares', 'ESP', ''),
(688, 'Burgos', 'ESP', ''),
(689, 'Salamanca', 'ESP', ''),
(690, 'Albacete', 'ESP', ''),
(691, 'Getafe', 'ESP', ''),
(692, 'Cádiz', 'ESP', ''),
(693, 'Alcorcón', 'ESP', ''),
(694, 'Huelva', 'ESP', ''),
(695, 'León', 'ESP', ''),
(696, 'Castellón de la Plana [Castell', 'ESP', ''),
(697, 'Badajoz', 'ESP', ''),
(698, '[San Cristóbal de] la Laguna', 'ESP', ''),
(699, 'Logroño', 'ESP', ''),
(700, 'Santa Coloma de Gramenet', 'ESP', ''),
(701, 'Tarragona', 'ESP', ''),
(702, 'Lleida (Lérida)', 'ESP', ''),
(703, 'Jaén', 'ESP', ''),
(704, 'Ourense (Orense)', 'ESP', ''),
(705, 'Mataró', 'ESP', ''),
(706, 'Algeciras', 'ESP', ''),
(707, 'Marbella', 'ESP', ''),
(708, 'Barakaldo', 'ESP', ''),
(709, 'Dos Hermanas', 'ESP', ''),
(710, 'Santiago de Compostela', 'ESP', ''),
(711, 'Torrejón de Ardoz', 'ESP', ''),
(712, 'Cape Town', 'ZAF', ''),
(713, 'Soweto', 'ZAF', ''),
(714, 'Johannesburg', 'ZAF', ''),
(715, 'Port Elizabeth', 'ZAF', ''),
(716, 'Pretoria', 'ZAF', ''),
(717, 'Inanda', 'ZAF', ''),
(718, 'Durban', 'ZAF', ''),
(719, 'Vanderbijlpark', 'ZAF', ''),
(720, 'Kempton Park', 'ZAF', ''),
(721, 'Alberton', 'ZAF', ''),
(722, 'Pinetown', 'ZAF', ''),
(723, 'Pietermaritzburg', 'ZAF', ''),
(724, 'Benoni', 'ZAF', ''),
(725, 'Randburg', 'ZAF', ''),
(726, 'Umlazi', 'ZAF', ''),
(727, 'Bloemfontein', 'ZAF', ''),
(728, 'Vereeniging', 'ZAF', ''),
(729, 'Wonderboom', 'ZAF', ''),
(730, 'Roodepoort', 'ZAF', ''),
(731, 'Boksburg', 'ZAF', ''),
(732, 'Klerksdorp', 'ZAF', ''),
(733, 'Soshanguve', 'ZAF', ''),
(734, 'Newcastle', 'ZAF', ''),
(735, 'East London', 'ZAF', ''),
(736, 'Welkom', 'ZAF', ''),
(737, 'Kimberley', 'ZAF', ''),
(738, 'Uitenhage', 'ZAF', ''),
(739, 'Chatsworth', 'ZAF', ''),
(740, 'Mdantsane', 'ZAF', ''),
(741, 'Krugersdorp', 'ZAF', ''),
(742, 'Botshabelo', 'ZAF', ''),
(743, 'Brakpan', 'ZAF', ''),
(744, 'Witbank', 'ZAF', ''),
(745, 'Oberholzer', 'ZAF', ''),
(746, 'Germiston', 'ZAF', ''),
(747, 'Springs', 'ZAF', ''),
(748, 'Westonaria', 'ZAF', ''),
(749, 'Randfontein', 'ZAF', ''),
(750, 'Paarl', 'ZAF', ''),
(751, 'Potchefstroom', 'ZAF', ''),
(752, 'Rustenburg', 'ZAF', ''),
(753, 'Nigel', 'ZAF', ''),
(754, 'George', 'ZAF', ''),
(755, 'Ladysmith', 'ZAF', ''),
(756, 'Addis Abeba', 'ETH', ''),
(757, 'Dire Dawa', 'ETH', ''),
(758, 'Nazret', 'ETH', ''),
(759, 'Gonder', 'ETH', ''),
(760, 'Dese', 'ETH', ''),
(761, 'Mekele', 'ETH', ''),
(762, 'Bahir Dar', 'ETH', ''),
(763, 'Stanley', 'FLK', ''),
(764, 'Suva', 'FJI', ''),
(765, 'Quezon', 'PHL', ''),
(766, 'Manila', 'PHL', ''),
(767, 'Kalookan', 'PHL', ''),
(768, 'Davao', 'PHL', ''),
(769, 'Cebu', 'PHL', ''),
(770, 'Zamboanga', 'PHL', ''),
(771, 'Pasig', 'PHL', ''),
(772, 'Valenzuela', 'PHL', ''),
(773, 'Las Piñas', 'PHL', ''),
(774, 'Antipolo', 'PHL', ''),
(775, 'Taguig', 'PHL', ''),
(776, 'Cagayan de Oro', 'PHL', ''),
(777, 'Parañaque', 'PHL', ''),
(778, 'Makati', 'PHL', ''),
(779, 'Bacolod', 'PHL', ''),
(780, 'General Santos', 'PHL', ''),
(781, 'Marikina', 'PHL', ''),
(782, 'Dasmariñas', 'PHL', ''),
(783, 'Muntinlupa', 'PHL', ''),
(784, 'Iloilo', 'PHL', ''),
(785, 'Pasay', 'PHL', ''),
(786, 'Malabon', 'PHL', ''),
(787, 'San José del Monte', 'PHL', ''),
(788, 'Bacoor', 'PHL', ''),
(789, 'Iligan', 'PHL', ''),
(790, 'Calamba', 'PHL', ''),
(791, 'Mandaluyong', 'PHL', ''),
(792, 'Butuan', 'PHL', ''),
(793, 'Angeles', 'PHL', ''),
(794, 'Tarlac', 'PHL', ''),
(795, 'Mandaue', 'PHL', ''),
(796, 'Baguio', 'PHL', ''),
(797, 'Batangas', 'PHL', ''),
(798, 'Cainta', 'PHL', ''),
(799, 'San Pedro', 'PHL', ''),
(800, 'Navotas', 'PHL', ''),
(801, 'Cabanatuan', 'PHL', ''),
(802, 'San Fernando', 'PHL', ''),
(803, 'Lipa', 'PHL', ''),
(804, 'Lapu-Lapu', 'PHL', ''),
(805, 'San Pablo', 'PHL', ''),
(806, 'Biñan', 'PHL', ''),
(807, 'Taytay', 'PHL', ''),
(808, 'Lucena', 'PHL', ''),
(809, 'Imus', 'PHL', ''),
(810, 'Olongapo', 'PHL', ''),
(811, 'Binangonan', 'PHL', ''),
(812, 'Santa Rosa', 'PHL', ''),
(813, 'Tagum', 'PHL', ''),
(814, 'Tacloban', 'PHL', ''),
(815, 'Malolos', 'PHL', ''),
(816, 'Mabalacat', 'PHL', ''),
(817, 'Cotabato', 'PHL', ''),
(818, 'Meycauayan', 'PHL', ''),
(819, 'Puerto Princesa', 'PHL', ''),
(820, 'Legazpi', 'PHL', ''),
(821, 'Silang', 'PHL', ''),
(822, 'Ormoc', 'PHL', ''),
(823, 'San Carlos', 'PHL', ''),
(824, 'Kabankalan', 'PHL', ''),
(825, 'Talisay', 'PHL', ''),
(826, 'Valencia', 'PHL', ''),
(827, 'Calbayog', 'PHL', ''),
(828, 'Santa Maria', 'PHL', ''),
(829, 'Pagadian', 'PHL', ''),
(830, 'Cadiz', 'PHL', ''),
(831, 'Bago', 'PHL', ''),
(832, 'Toledo', 'PHL', ''),
(833, 'Naga', 'PHL', ''),
(834, 'San Mateo', 'PHL', ''),
(835, 'Panabo', 'PHL', ''),
(836, 'Koronadal', 'PHL', ''),
(837, 'Marawi', 'PHL', ''),
(838, 'Dagupan', 'PHL', ''),
(839, 'Sagay', 'PHL', ''),
(840, 'Roxas', 'PHL', ''),
(841, 'Lubao', 'PHL', ''),
(842, 'Digos', 'PHL', ''),
(843, 'San Miguel', 'PHL', ''),
(844, 'Malaybalay', 'PHL', ''),
(845, 'Tuguegarao', 'PHL', ''),
(846, 'Ilagan', 'PHL', ''),
(847, 'Baliuag', 'PHL', ''),
(848, 'Surigao', 'PHL', ''),
(849, 'San Carlos', 'PHL', ''),
(850, 'San Juan del Monte', 'PHL', ''),
(851, 'Tanauan', 'PHL', ''),
(852, 'Concepcion', 'PHL', ''),
(853, 'Rodriguez (Montalban)', 'PHL', ''),
(854, 'Sariaya', 'PHL', ''),
(855, 'Malasiqui', 'PHL', ''),
(856, 'General Mariano Alvarez', 'PHL', ''),
(857, 'Urdaneta', 'PHL', ''),
(858, 'Hagonoy', 'PHL', ''),
(859, 'San Jose', 'PHL', ''),
(860, 'Polomolok', 'PHL', ''),
(861, 'Santiago', 'PHL', ''),
(862, 'Tanza', 'PHL', ''),
(863, 'Ozamis', 'PHL', ''),
(864, 'Mexico', 'PHL', ''),
(865, 'San Jose', 'PHL', ''),
(866, 'Silay', 'PHL', ''),
(867, 'General Trias', 'PHL', ''),
(868, 'Tabaco', 'PHL', ''),
(869, 'Cabuyao', 'PHL', ''),
(870, 'Calapan', 'PHL', ''),
(871, 'Mati', 'PHL', ''),
(872, 'Midsayap', 'PHL', ''),
(873, 'Cauayan', 'PHL', ''),
(874, 'Gingoog', 'PHL', ''),
(875, 'Dumaguete', 'PHL', ''),
(876, 'San Fernando', 'PHL', ''),
(877, 'Arayat', 'PHL', ''),
(878, 'Bayawan (Tulong)', 'PHL', ''),
(879, 'Kidapawan', 'PHL', ''),
(880, 'Daraga (Locsin)', 'PHL', ''),
(881, 'Marilao', 'PHL', ''),
(882, 'Malita', 'PHL', ''),
(883, 'Dipolog', 'PHL', ''),
(884, 'Cavite', 'PHL', ''),
(885, 'Danao', 'PHL', ''),
(886, 'Bislig', 'PHL', ''),
(887, 'Talavera', 'PHL', ''),
(888, 'Guagua', 'PHL', ''),
(889, 'Bayambang', 'PHL', ''),
(890, 'Nasugbu', 'PHL', ''),
(891, 'Baybay', 'PHL', ''),
(892, 'Capas', 'PHL', ''),
(893, 'Sultan Kudarat', 'PHL', ''),
(894, 'Laoag', 'PHL', ''),
(895, 'Bayugan', 'PHL', ''),
(896, 'Malungon', 'PHL', ''),
(897, 'Santa Cruz', 'PHL', ''),
(898, 'Sorsogon', 'PHL', ''),
(899, 'Candelaria', 'PHL', ''),
(900, 'Ligao', 'PHL', ''),
(901, 'Tórshavn', 'FRO', ''),
(902, 'Libreville', 'GAB', ''),
(903, 'Serekunda', 'GMB', ''),
(904, 'Banjul', 'GMB', ''),
(905, 'Tbilisi', 'GEO', ''),
(906, 'Kutaisi', 'GEO', ''),
(907, 'Rustavi', 'GEO', ''),
(908, 'Batumi', 'GEO', ''),
(909, 'Sohumi', 'GEO', ''),
(910, 'Accra', 'GHA', ''),
(911, 'Kumasi', 'GHA', ''),
(912, 'Tamale', 'GHA', ''),
(913, 'Tema', 'GHA', ''),
(914, 'Sekondi-Takoradi', 'GHA', ''),
(915, 'Gibraltar', 'GIB', ''),
(916, 'Saint George´s', 'GRD', ''),
(917, 'Nuuk', 'GRL', ''),
(918, 'Les Abymes', 'GLP', ''),
(919, 'Basse-Terre', 'GLP', ''),
(920, 'Tamuning', 'GUM', ''),
(921, 'Agaña', 'GUM', ''),
(922, 'Ciudad de Guatemala', 'GTM', ''),
(923, 'Mixco', 'GTM', ''),
(924, 'Villa Nueva', 'GTM', ''),
(925, 'Quetzaltenango', 'GTM', ''),
(926, 'Conakry', 'GIN', ''),
(927, 'Bissau', 'GNB', ''),
(928, 'Georgetown', 'GUY', ''),
(929, 'Port-au-Prince', 'HTI', ''),
(930, 'Carrefour', 'HTI', ''),
(931, 'Delmas', 'HTI', ''),
(932, 'Le-Cap-Haïtien', 'HTI', ''),
(933, 'Tegucigalpa', 'HND', ''),
(934, 'San Pedro Sula', 'HND', ''),
(935, 'La Ceiba', 'HND', ''),
(936, 'Kowloon and New Kowloon', 'HKG', ''),
(937, 'Victoria', 'HKG', ''),
(938, 'Longyearbyen', 'SJM', ''),
(939, 'Jakarta', 'IDN', ''),
(940, 'Surabaya', 'IDN', ''),
(941, 'Bandung', 'IDN', ''),
(942, 'Medan', 'IDN', ''),
(943, 'Palembang', 'IDN', ''),
(944, 'Tangerang', 'IDN', ''),
(945, 'Semarang', 'IDN', ''),
(946, 'Ujung Pandang', 'IDN', ''),
(947, 'Malang', 'IDN', ''),
(948, 'Bandar Lampung', 'IDN', ''),
(949, 'Bekasi', 'IDN', ''),
(950, 'Padang', 'IDN', ''),
(951, 'Surakarta', 'IDN', ''),
(952, 'Banjarmasin', 'IDN', ''),
(953, 'Pekan Baru', 'IDN', ''),
(954, 'Denpasar', 'IDN', ''),
(955, 'Yogyakarta', 'IDN', ''),
(956, 'Pontianak', 'IDN', ''),
(957, 'Samarinda', 'IDN', ''),
(958, 'Jambi', 'IDN', ''),
(959, 'Depok', 'IDN', ''),
(960, 'Cimahi', 'IDN', ''),
(961, 'Balikpapan', 'IDN', ''),
(962, 'Manado', 'IDN', ''),
(963, 'Mataram', 'IDN', ''),
(964, 'Pekalongan', 'IDN', ''),
(965, 'Tegal', 'IDN', ''),
(966, 'Bogor', 'IDN', ''),
(967, 'Ciputat', 'IDN', ''),
(968, 'Pondokgede', 'IDN', ''),
(969, 'Cirebon', 'IDN', ''),
(970, 'Kediri', 'IDN', ''),
(971, 'Ambon', 'IDN', ''),
(972, 'Jember', 'IDN', ''),
(973, 'Cilacap', 'IDN', ''),
(974, 'Cimanggis', 'IDN', ''),
(975, 'Pematang Siantar', 'IDN', ''),
(976, 'Purwokerto', 'IDN', ''),
(977, 'Ciomas', 'IDN', ''),
(978, 'Tasikmalaya', 'IDN', ''),
(979, 'Madiun', 'IDN', ''),
(980, 'Bengkulu', 'IDN', ''),
(981, 'Karawang', 'IDN', ''),
(982, 'Banda Aceh', 'IDN', ''),
(983, 'Palu', 'IDN', ''),
(984, 'Pasuruan', 'IDN', ''),
(985, 'Kupang', 'IDN', ''),
(986, 'Tebing Tinggi', 'IDN', ''),
(987, 'Percut Sei Tuan', 'IDN', ''),
(988, 'Binjai', 'IDN', ''),
(989, 'Sukabumi', 'IDN', ''),
(990, 'Waru', 'IDN', ''),
(991, 'Pangkal Pinang', 'IDN', ''),
(992, 'Magelang', 'IDN', ''),
(993, 'Blitar', 'IDN', ''),
(994, 'Serang', 'IDN', ''),
(995, 'Probolinggo', 'IDN', ''),
(996, 'Cilegon', 'IDN', ''),
(997, 'Cianjur', 'IDN', ''),
(998, 'Ciparay', 'IDN', ''),
(999, 'Lhokseumawe', 'IDN', ''),
(1000, 'Taman', 'IDN', ''),
(1001, 'Depok', 'IDN', ''),
(1002, 'Citeureup', 'IDN', ''),
(1003, 'Pemalang', 'IDN', ''),
(1004, 'Klaten', 'IDN', ''),
(1005, 'Salatiga', 'IDN', ''),
(1006, 'Cibinong', 'IDN', ''),
(1007, 'Palangka Raya', 'IDN', ''),
(1008, 'Mojokerto', 'IDN', ''),
(1009, 'Purwakarta', 'IDN', ''),
(1010, 'Garut', 'IDN', ''),
(1011, 'Kudus', 'IDN', ''),
(1012, 'Kendari', 'IDN', ''),
(1013, 'Jaya Pura', 'IDN', ''),
(1014, 'Gorontalo', 'IDN', ''),
(1015, 'Majalaya', 'IDN', ''),
(1016, 'Pondok Aren', 'IDN', ''),
(1017, 'Jombang', 'IDN', ''),
(1018, 'Sunggal', 'IDN', ''),
(1019, 'Batam', 'IDN', ''),
(1020, 'Padang Sidempuan', 'IDN', ''),
(1021, 'Sawangan', 'IDN', ''),
(1022, 'Banyuwangi', 'IDN', ''),
(1023, 'Tanjung Pinang', 'IDN', ''),
(1024, 'Mumbai (Bombay)', 'IND', ''),
(1025, 'Delhi', 'IND', ''),
(1026, 'Calcutta [Kolkata]', 'IND', ''),
(1027, 'Chennai (Madras)', 'IND', ''),
(1028, 'Hyderabad', 'IND', ''),
(1029, 'Ahmedabad', 'IND', ''),
(1030, 'Bangalore', 'IND', ''),
(1031, 'Kanpur', 'IND', ''),
(1032, 'Nagpur', 'IND', ''),
(1033, 'Lucknow', 'IND', ''),
(1034, 'Pune', 'IND', ''),
(1035, 'Surat', 'IND', ''),
(1036, 'Jaipur', 'IND', ''),
(1037, 'Indore', 'IND', ''),
(1038, 'Bhopal', 'IND', ''),
(1039, 'Ludhiana', 'IND', ''),
(1040, 'Vadodara (Baroda)', 'IND', ''),
(1041, 'Kalyan', 'IND', ''),
(1042, 'Madurai', 'IND', ''),
(1043, 'Haora (Howrah)', 'IND', ''),
(1044, 'Varanasi (Benares)', 'IND', ''),
(1045, 'Patna', 'IND', ''),
(1046, 'Srinagar', 'IND', ''),
(1047, 'Agra', 'IND', ''),
(1048, 'Coimbatore', 'IND', ''),
(1049, 'Thane (Thana)', 'IND', ''),
(1050, 'Allahabad', 'IND', ''),
(1051, 'Meerut', 'IND', ''),
(1052, 'Vishakhapatnam', 'IND', ''),
(1053, 'Jabalpur', 'IND', ''),
(1054, 'Amritsar', 'IND', ''),
(1055, 'Faridabad', 'IND', ''),
(1056, 'Vijayawada', 'IND', ''),
(1057, 'Gwalior', 'IND', ''),
(1058, 'Jodhpur', 'IND', ''),
(1059, 'Nashik (Nasik)', 'IND', ''),
(1060, 'Hubli-Dharwad', 'IND', ''),
(1061, 'Solapur (Sholapur)', 'IND', ''),
(1062, 'Ranchi', 'IND', ''),
(1063, 'Bareilly', 'IND', ''),
(1064, 'Guwahati (Gauhati)', 'IND', ''),
(1065, 'Shambajinagar (Aurangabad)', 'IND', ''),
(1066, 'Cochin (Kochi)', 'IND', ''),
(1067, 'Rajkot', 'IND', ''),
(1068, 'Kota', 'IND', ''),
(1069, 'Thiruvananthapuram (Trivandrum', 'IND', ''),
(1070, 'Pimpri-Chinchwad', 'IND', ''),
(1071, 'Jalandhar (Jullundur)', 'IND', ''),
(1072, 'Gorakhpur', 'IND', ''),
(1073, 'Chandigarh', 'IND', ''),
(1074, 'Mysore', 'IND', ''),
(1075, 'Aligarh', 'IND', ''),
(1076, 'Guntur', 'IND', ''),
(1077, 'Jamshedpur', 'IND', ''),
(1078, 'Ghaziabad', 'IND', ''),
(1079, 'Warangal', 'IND', ''),
(1080, 'Raipur', 'IND', ''),
(1081, 'Moradabad', 'IND', ''),
(1082, 'Durgapur', 'IND', ''),
(1083, 'Amravati', 'IND', ''),
(1084, 'Calicut (Kozhikode)', 'IND', ''),
(1085, 'Bikaner', 'IND', ''),
(1086, 'Bhubaneswar', 'IND', ''),
(1087, 'Kolhapur', 'IND', ''),
(1088, 'Kataka (Cuttack)', 'IND', ''),
(1089, 'Ajmer', 'IND', ''),
(1090, 'Bhavnagar', 'IND', ''),
(1091, 'Tiruchirapalli', 'IND', ''),
(1092, 'Bhilai', 'IND', ''),
(1093, 'Bhiwandi', 'IND', ''),
(1094, 'Saharanpur', 'IND', ''),
(1095, 'Ulhasnagar', 'IND', ''),
(1096, 'Salem', 'IND', ''),
(1097, 'Ujjain', 'IND', ''),
(1098, 'Malegaon', 'IND', ''),
(1099, 'Jamnagar', 'IND', ''),
(1100, 'Bokaro Steel City', 'IND', ''),
(1101, 'Akola', 'IND', ''),
(1102, 'Belgaum', 'IND', ''),
(1103, 'Rajahmundry', 'IND', ''),
(1104, 'Nellore', 'IND', ''),
(1105, 'Udaipur', 'IND', ''),
(1106, 'New Bombay', 'IND', ''),
(1107, 'Bhatpara', 'IND', ''),
(1108, 'Gulbarga', 'IND', ''),
(1109, 'New Delhi', 'IND', ''),
(1110, 'Jhansi', 'IND', ''),
(1111, 'Gaya', 'IND', ''),
(1112, 'Kakinada', 'IND', ''),
(1113, 'Dhule (Dhulia)', 'IND', ''),
(1114, 'Panihati', 'IND', ''),
(1115, 'Nanded (Nander)', 'IND', ''),
(1116, 'Mangalore', 'IND', ''),
(1117, 'Dehra Dun', 'IND', ''),
(1118, 'Kamarhati', 'IND', ''),
(1119, 'Davangere', 'IND', ''),
(1120, 'Asansol', 'IND', ''),
(1121, 'Bhagalpur', 'IND', ''),
(1122, 'Bellary', 'IND', ''),
(1123, 'Barddhaman (Burdwan)', 'IND', ''),
(1124, 'Rampur', 'IND', ''),
(1125, 'Jalgaon', 'IND', ''),
(1126, 'Muzaffarpur', 'IND', ''),
(1127, 'Nizamabad', 'IND', ''),
(1128, 'Muzaffarnagar', 'IND', ''),
(1129, 'Patiala', 'IND', ''),
(1130, 'Shahjahanpur', 'IND', ''),
(1131, 'Kurnool', 'IND', ''),
(1132, 'Tiruppur (Tirupper)', 'IND', ''),
(1133, 'Rohtak', 'IND', ''),
(1134, 'South Dum Dum', 'IND', ''),
(1135, 'Mathura', 'IND', ''),
(1136, 'Chandrapur', 'IND', ''),
(1137, 'Barahanagar (Baranagar)', 'IND', ''),
(1138, 'Darbhanga', 'IND', ''),
(1139, 'Siliguri (Shiliguri)', 'IND', ''),
(1140, 'Raurkela', 'IND', ''),
(1141, 'Ambattur', 'IND', ''),
(1142, 'Panipat', 'IND', ''),
(1143, 'Firozabad', 'IND', ''),
(1144, 'Ichalkaranji', 'IND', ''),
(1145, 'Jammu', 'IND', ''),
(1146, 'Ramagundam', 'IND', ''),
(1147, 'Eluru', 'IND', ''),
(1148, 'Brahmapur', 'IND', ''),
(1149, 'Alwar', 'IND', ''),
(1150, 'Pondicherry', 'IND', ''),
(1151, 'Thanjavur', 'IND', ''),
(1152, 'Bihar Sharif', 'IND', ''),
(1153, 'Tuticorin', 'IND', ''),
(1154, 'Imphal', 'IND', ''),
(1155, 'Latur', 'IND', ''),
(1156, 'Sagar', 'IND', ''),
(1157, 'Farrukhabad-cum-Fatehgarh', 'IND', ''),
(1158, 'Sangli', 'IND', ''),
(1159, 'Parbhani', 'IND', ''),
(1160, 'Nagar Coil', 'IND', ''),
(1161, 'Bijapur', 'IND', ''),
(1162, 'Kukatpalle', 'IND', ''),
(1163, 'Bally', 'IND', ''),
(1164, 'Bhilwara', 'IND', ''),
(1165, 'Ratlam', 'IND', ''),
(1166, 'Avadi', 'IND', ''),
(1167, 'Dindigul', 'IND', ''),
(1168, 'Ahmadnagar', 'IND', ''),
(1169, 'Bilaspur', 'IND', ''),
(1170, 'Shimoga', 'IND', ''),
(1171, 'Kharagpur', 'IND', ''),
(1172, 'Mira Bhayandar', 'IND', ''),
(1173, 'Vellore', 'IND', ''),
(1174, 'Jalna', 'IND', ''),
(1175, 'Burnpur', 'IND', ''),
(1176, 'Anantapur', 'IND', ''),
(1177, 'Allappuzha (Alleppey)', 'IND', ''),
(1178, 'Tirupati', 'IND', ''),
(1179, 'Karnal', 'IND', ''),
(1180, 'Burhanpur', 'IND', ''),
(1181, 'Hisar (Hissar)', 'IND', ''),
(1182, 'Tiruvottiyur', 'IND', ''),
(1183, 'Mirzapur-cum-Vindhyachal', 'IND', ''),
(1184, 'Secunderabad', 'IND', ''),
(1185, 'Nadiad', 'IND', ''),
(1186, 'Dewas', 'IND', ''),
(1187, 'Murwara (Katni)', 'IND', ''),
(1188, 'Ganganagar', 'IND', ''),
(1189, 'Vizianagaram', 'IND', ''),
(1190, 'Erode', 'IND', ''),
(1191, 'Machilipatnam (Masulipatam)', 'IND', ''),
(1192, 'Bhatinda (Bathinda)', 'IND', ''),
(1193, 'Raichur', 'IND', ''),
(1194, 'Agartala', 'IND', ''),
(1195, 'Arrah (Ara)', 'IND', ''),
(1196, 'Satna', 'IND', ''),
(1197, 'Lalbahadur Nagar', 'IND', ''),
(1198, 'Aizawl', 'IND', ''),
(1199, 'Uluberia', 'IND', ''),
(1200, 'Katihar', 'IND', ''),
(1201, 'Cuddalore', 'IND', ''),
(1202, 'Hugli-Chinsurah', 'IND', ''),
(1203, 'Dhanbad', 'IND', ''),
(1204, 'Raiganj', 'IND', ''),
(1205, 'Sambhal', 'IND', ''),
(1206, 'Durg', 'IND', ''),
(1207, 'Munger (Monghyr)', 'IND', ''),
(1208, 'Kanchipuram', 'IND', ''),
(1209, 'North Dum Dum', 'IND', ''),
(1210, 'Karimnagar', 'IND', ''),
(1211, 'Bharatpur', 'IND', ''),
(1212, 'Sikar', 'IND', ''),
(1213, 'Hardwar (Haridwar)', 'IND', ''),
(1214, 'Dabgram', 'IND', ''),
(1215, 'Morena', 'IND', ''),
(1216, 'Noida', 'IND', ''),
(1217, 'Hapur', 'IND', ''),
(1218, 'Bhusawal', 'IND', ''),
(1219, 'Khandwa', 'IND', ''),
(1220, 'Yamuna Nagar', 'IND', ''),
(1221, 'Sonipat (Sonepat)', 'IND', ''),
(1222, 'Tenali', 'IND', ''),
(1223, 'Raurkela Civil Township', 'IND', ''),
(1224, 'Kollam (Quilon)', 'IND', ''),
(1225, 'Kumbakonam', 'IND', ''),
(1226, 'Ingraj Bazar (English Bazar)', 'IND', ''),
(1227, 'Timkur', 'IND', ''),
(1228, 'Amroha', 'IND', ''),
(1229, 'Serampore', 'IND', ''),
(1230, 'Chapra', 'IND', ''),
(1231, 'Pali', 'IND', ''),
(1232, 'Maunath Bhanjan', 'IND', ''),
(1233, 'Adoni', 'IND', ''),
(1234, 'Jaunpur', 'IND', ''),
(1235, 'Tirunelveli', 'IND', ''),
(1236, 'Bahraich', 'IND', ''),
(1237, 'Gadag Betigeri', 'IND', ''),
(1238, 'Proddatur', 'IND', ''),
(1239, 'Chittoor', 'IND', ''),
(1240, 'Barrackpur', 'IND', ''),
(1241, 'Bharuch (Broach)', 'IND', ''),
(1242, 'Naihati', 'IND', ''),
(1243, 'Shillong', 'IND', ''),
(1244, 'Sambalpur', 'IND', ''),
(1245, 'Junagadh', 'IND', ''),
(1246, 'Rae Bareli', 'IND', ''),
(1247, 'Rewa', 'IND', ''),
(1248, 'Gurgaon', 'IND', ''),
(1249, 'Khammam', 'IND', ''),
(1250, 'Bulandshahr', 'IND', ''),
(1251, 'Navsari', 'IND', ''),
(1252, 'Malkajgiri', 'IND', ''),
(1253, 'Midnapore (Medinipur)', 'IND', ''),
(1254, 'Miraj', 'IND', ''),
(1255, 'Raj Nandgaon', 'IND', ''),
(1256, 'Alandur', 'IND', ''),
(1257, 'Puri', 'IND', ''),
(1258, 'Navadwip', 'IND', ''),
(1259, 'Sirsa', 'IND', ''),
(1260, 'Korba', 'IND', ''),
(1261, 'Faizabad', 'IND', ''),
(1262, 'Etawah', 'IND', ''),
(1263, 'Pathankot', 'IND', ''),
(1264, 'Gandhinagar', 'IND', ''),
(1265, 'Palghat (Palakkad)', 'IND', ''),
(1266, 'Veraval', 'IND', ''),
(1267, 'Hoshiarpur', 'IND', ''),
(1268, 'Ambala', 'IND', ''),
(1269, 'Sitapur', 'IND', ''),
(1270, 'Bhiwani', 'IND', ''),
(1271, 'Cuddapah', 'IND', ''),
(1272, 'Bhimavaram', 'IND', ''),
(1273, 'Krishnanagar', 'IND', ''),
(1274, 'Chandannagar', 'IND', ''),
(1275, 'Mandya', 'IND', ''),
(1276, 'Dibrugarh', 'IND', ''),
(1277, 'Nandyal', 'IND', ''),
(1278, 'Balurghat', 'IND', ''),
(1279, 'Neyveli', 'IND', ''),
(1280, 'Fatehpur', 'IND', ''),
(1281, 'Mahbubnagar', 'IND', ''),
(1282, 'Budaun', 'IND', ''),
(1283, 'Porbandar', 'IND', ''),
(1284, 'Silchar', 'IND', ''),
(1285, 'Berhampore (Baharampur)', 'IND', ''),
(1286, 'Purnea (Purnia)', 'IND', ''),
(1287, 'Bankura', 'IND', ''),
(1288, 'Rajapalaiyam', 'IND', ''),
(1289, 'Titagarh', 'IND', ''),
(1290, 'Halisahar', 'IND', ''),
(1291, 'Hathras', 'IND', ''),
(1292, 'Bhir (Bid)', 'IND', ''),
(1293, 'Pallavaram', 'IND', ''),
(1294, 'Anand', 'IND', ''),
(1295, 'Mango', 'IND', ''),
(1296, 'Santipur', 'IND', ''),
(1297, 'Bhind', 'IND', ''),
(1298, 'Gondiya', 'IND', ''),
(1299, 'Tiruvannamalai', 'IND', ''),
(1300, 'Yeotmal (Yavatmal)', 'IND', ''),
(1301, 'Kulti-Barakar', 'IND', ''),
(1302, 'Moga', 'IND', ''),
(1303, 'Shivapuri', 'IND', ''),
(1304, 'Bidar', 'IND', ''),
(1305, 'Guntakal', 'IND', ''),
(1306, 'Unnao', 'IND', ''),
(1307, 'Barasat', 'IND', ''),
(1308, 'Tambaram', 'IND', ''),
(1309, 'Abohar', 'IND', ''),
(1310, 'Pilibhit', 'IND', ''),
(1311, 'Valparai', 'IND', ''),
(1312, 'Gonda', 'IND', ''),
(1313, 'Surendranagar', 'IND', ''),
(1314, 'Qutubullapur', 'IND', ''),
(1315, 'Beawar', 'IND', ''),
(1316, 'Hindupur', 'IND', ''),
(1317, 'Gandhidham', 'IND', ''),
(1318, 'Haldwani-cum-Kathgodam', 'IND', ''),
(1319, 'Tellicherry (Thalassery)', 'IND', ''),
(1320, 'Wardha', 'IND', ''),
(1321, 'Rishra', 'IND', ''),
(1322, 'Bhuj', 'IND', ''),
(1323, 'Modinagar', 'IND', ''),
(1324, 'Gudivada', 'IND', ''),
(1325, 'Basirhat', 'IND', ''),
(1326, 'Uttarpara-Kotrung', 'IND', ''),
(1327, 'Ongole', 'IND', ''),
(1328, 'North Barrackpur', 'IND', ''),
(1329, 'Guna', 'IND', ''),
(1330, 'Haldia', 'IND', ''),
(1331, 'Habra', 'IND', ''),
(1332, 'Kanchrapara', 'IND', ''),
(1333, 'Tonk', 'IND', ''),
(1334, 'Champdani', 'IND', ''),
(1335, 'Orai', 'IND', ''),
(1336, 'Pudukkottai', 'IND', ''),
(1337, 'Sasaram', 'IND', ''),
(1338, 'Hazaribag', 'IND', ''),
(1339, 'Palayankottai', 'IND', ''),
(1340, 'Banda', 'IND', ''),
(1341, 'Godhra', 'IND', ''),
(1342, 'Hospet', 'IND', ''),
(1343, 'Ashoknagar-Kalyangarh', 'IND', ''),
(1344, 'Achalpur', 'IND', ''),
(1345, 'Patan', 'IND', ''),
(1346, 'Mandasor', 'IND', ''),
(1347, 'Damoh', 'IND', ''),
(1348, 'Satara', 'IND', ''),
(1349, 'Meerut Cantonment', 'IND', ''),
(1350, 'Dehri', 'IND', ''),
(1351, 'Delhi Cantonment', 'IND', ''),
(1352, 'Chhindwara', 'IND', ''),
(1353, 'Bansberia', 'IND', ''),
(1354, 'Nagaon', 'IND', ''),
(1355, 'Kanpur Cantonment', 'IND', ''),
(1356, 'Vidisha', 'IND', ''),
(1357, 'Bettiah', 'IND', ''),
(1358, 'Purulia', 'IND', ''),
(1359, 'Hassan', 'IND', ''),
(1360, 'Ambala Sadar', 'IND', ''),
(1361, 'Baidyabati', 'IND', ''),
(1362, 'Morvi', 'IND', ''),
(1363, 'Raigarh', 'IND', ''),
(1364, 'Vejalpur', 'IND', ''),
(1365, 'Baghdad', 'IRQ', ''),
(1366, 'Mosul', 'IRQ', ''),
(1367, 'Irbil', 'IRQ', ''),
(1368, 'Kirkuk', 'IRQ', ''),
(1369, 'Basra', 'IRQ', ''),
(1370, 'al-Sulaymaniya', 'IRQ', ''),
(1371, 'al-Najaf', 'IRQ', ''),
(1372, 'Karbala', 'IRQ', ''),
(1373, 'al-Hilla', 'IRQ', ''),
(1374, 'al-Nasiriya', 'IRQ', ''),
(1375, 'al-Amara', 'IRQ', ''),
(1376, 'al-Diwaniya', 'IRQ', ''),
(1377, 'al-Ramadi', 'IRQ', ''),
(1378, 'al-Kut', 'IRQ', ''),
(1379, 'Baquba', 'IRQ', ''),
(1380, 'Teheran', 'IRN', ''),
(1381, 'Mashhad', 'IRN', ''),
(1382, 'Esfahan', 'IRN', ''),
(1383, 'Tabriz', 'IRN', ''),
(1384, 'Shiraz', 'IRN', ''),
(1385, 'Karaj', 'IRN', ''),
(1386, 'Ahvaz', 'IRN', ''),
(1387, 'Qom', 'IRN', ''),
(1388, 'Kermanshah', 'IRN', ''),
(1389, 'Urmia', 'IRN', ''),
(1390, 'Zahedan', 'IRN', ''),
(1391, 'Rasht', 'IRN', ''),
(1392, 'Hamadan', 'IRN', ''),
(1393, 'Kerman', 'IRN', ''),
(1394, 'Arak', 'IRN', ''),
(1395, 'Ardebil', 'IRN', ''),
(1396, 'Yazd', 'IRN', ''),
(1397, 'Qazvin', 'IRN', ''),
(1398, 'Zanjan', 'IRN', ''),
(1399, 'Sanandaj', 'IRN', ''),
(1400, 'Bandar-e-Abbas', 'IRN', ''),
(1401, 'Khorramabad', 'IRN', ''),
(1402, 'Eslamshahr', 'IRN', ''),
(1403, 'Borujerd', 'IRN', ''),
(1404, 'Abadan', 'IRN', ''),
(1405, 'Dezful', 'IRN', ''),
(1406, 'Kashan', 'IRN', ''),
(1407, 'Sari', 'IRN', ''),
(1408, 'Gorgan', 'IRN', ''),
(1409, 'Najafabad', 'IRN', ''),
(1410, 'Sabzevar', 'IRN', ''),
(1411, 'Khomeynishahr', 'IRN', ''),
(1412, 'Amol', 'IRN', ''),
(1413, 'Neyshabur', 'IRN', ''),
(1414, 'Babol', 'IRN', ''),
(1415, 'Khoy', 'IRN', ''),
(1416, 'Malayer', 'IRN', ''),
(1417, 'Bushehr', 'IRN', ''),
(1418, 'Qaemshahr', 'IRN', ''),
(1419, 'Qarchak', 'IRN', ''),
(1420, 'Qods', 'IRN', ''),
(1421, 'Sirjan', 'IRN', ''),
(1422, 'Bojnurd', 'IRN', ''),
(1423, 'Maragheh', 'IRN', ''),
(1424, 'Birjand', 'IRN', ''),
(1425, 'Ilam', 'IRN', ''),
(1426, 'Bukan', 'IRN', ''),
(1427, 'Masjed-e-Soleyman', 'IRN', ''),
(1428, 'Saqqez', 'IRN', ''),
(1429, 'Gonbad-e Qabus', 'IRN', ''),
(1430, 'Saveh', 'IRN', ''),
(1431, 'Mahabad', 'IRN', ''),
(1432, 'Varamin', 'IRN', ''),
(1433, 'Andimeshk', 'IRN', ''),
(1434, 'Khorramshahr', 'IRN', ''),
(1435, 'Shahrud', 'IRN', ''),
(1436, 'Marv Dasht', 'IRN', ''),
(1437, 'Zabol', 'IRN', ''),
(1438, 'Shahr-e Kord', 'IRN', ''),
(1439, 'Bandar-e Anzali', 'IRN', ''),
(1440, 'Rafsanjan', 'IRN', ''),
(1441, 'Marand', 'IRN', ''),
(1442, 'Torbat-e Heydariyeh', 'IRN', ''),
(1443, 'Jahrom', 'IRN', ''),
(1444, 'Semnan', 'IRN', ''),
(1445, 'Miandoab', 'IRN', ''),
(1446, 'Qomsheh', 'IRN', ''),
(1447, 'Dublin', 'IRL', ''),
(1448, 'Cork', 'IRL', ''),
(1449, 'Reykjavík', 'ISL', ''),
(1450, 'Jerusalem', 'ISR', ''),
(1451, 'Tel Aviv-Jaffa', 'ISR', ''),
(1452, 'Haifa', 'ISR', ''),
(1453, 'Rishon Le Ziyyon', 'ISR', ''),
(1454, 'Beerseba', 'ISR', ''),
(1455, 'Holon', 'ISR', ''),
(1456, 'Petah Tiqwa', 'ISR', ''),
(1457, 'Ashdod', 'ISR', ''),
(1458, 'Netanya', 'ISR', ''),
(1459, 'Bat Yam', 'ISR', ''),
(1460, 'Bene Beraq', 'ISR', ''),
(1461, 'Ramat Gan', 'ISR', ''),
(1462, 'Ashqelon', 'ISR', ''),
(1463, 'Rehovot', 'ISR', ''),
(1464, 'Roma', 'ITA', 'La "città eterna" non è rappresentata solo dai numerosi capolavori d''arte e dalla sua architettura, dai suoi innumerevoli monumenti e musei, ma anche dai caratteristici vicoli in cui si possono osservare tipici tratti della vita romana, ricca di tradizioni, abitudini e cultura.Una visita a Roma vi permetterà di scoprire i diversi periodi storici che hanno contribuito a caratterizzare questa intramontabile città attraverso i secoli, dai resti dell''impero romano al medioevo, dal rinascimento fino ad arrivare all''architettura moderna dei giorni nostri.'),
(1465, 'Milano', 'ITA', ''),
(1466, 'Napoli', 'ITA', ''),
(1467, 'Torino', 'ITA', ''),
(1468, 'Palermo', 'ITA', ''),
(1469, 'Genova', 'ITA', ''),
(1470, 'Bologna', 'ITA', ''),
(1471, 'Firenze', 'ITA', ''),
(1472, 'Catania', 'ITA', ''),
(1473, 'Bari', 'ITA', ''),
(1474, 'Venezia', 'ITA', ''),
(1475, 'Messina', 'ITA', ''),
(1476, 'Verona', 'ITA', ''),
(1477, 'Trieste', 'ITA', ''),
(1478, 'Padova', 'ITA', ''),
(1479, 'Taranto', 'ITA', ''),
(1480, 'Brescia', 'ITA', ''),
(1481, 'Reggio di Calabria', 'ITA', ''),
(1482, 'Modena', 'ITA', ''),
(1483, 'Prato', 'ITA', ''),
(1484, 'Parma', 'ITA', ''),
(1485, 'Cagliari', 'ITA', ''),
(1486, 'Livorno', 'ITA', ''),
(1487, 'Perugia', 'ITA', ''),
(1488, 'Foggia', 'ITA', ''),
(1489, 'Reggio nell´ Emilia', 'ITA', ''),
(1490, 'Salerno', 'ITA', ''),
(1491, 'Ravenna', 'ITA', ''),
(1492, 'Ferrara', 'ITA', ''),
(1493, 'Rimini', 'ITA', ''),
(1494, 'Syrakusa', 'ITA', ''),
(1495, 'Sassari', 'ITA', ''),
(1496, 'Monza', 'ITA', ''),
(1497, 'Bergamo', 'ITA', ''),
(1498, 'Pescara', 'ITA', ''),
(1499, 'Latina', 'ITA', ''),
(1500, 'Vicenza', 'ITA', ''),
(1501, 'Terni', 'ITA', ''),
(1502, 'Forlì', 'ITA', ''),
(1503, 'Trento', 'ITA', ''),
(1504, 'Novara', 'ITA', ''),
(1505, 'Piacenza', 'ITA', ''),
(1506, 'Ancona', 'ITA', ''),
(1507, 'Lecce', 'ITA', ''),
(1508, 'Bolzano', 'ITA', ''),
(1509, 'Catanzaro', 'ITA', ''),
(1510, 'La Spezia', 'ITA', ''),
(1511, 'Udine', 'ITA', ''),
(1512, 'Torre del Greco', 'ITA', ''),
(1513, 'Andria', 'ITA', ''),
(1514, 'Brindisi', 'ITA', ''),
(1515, 'Giugliano in Campania', 'ITA', ''),
(1516, 'Pisa', 'ITA', ''),
(1517, 'Barletta', 'ITA', ''),
(1518, 'Arezzo', 'ITA', ''),
(1519, 'Alessandria', 'ITA', ''),
(1520, 'Cesena', 'ITA', ''),
(1521, 'Pesaro', 'ITA', ''),
(1522, 'Dili', 'TMP', ''),
(1523, 'Wien', 'AUT', ''),
(1524, 'Graz', 'AUT', ''),
(1525, 'Linz', 'AUT', ''),
(1526, 'Salzburg', 'AUT', ''),
(1527, 'Innsbruck', 'AUT', ''),
(1528, 'Klagenfurt', 'AUT', ''),
(1529, 'Spanish Town', 'JAM', ''),
(1530, 'Kingston', 'JAM', ''),
(1531, 'Portmore', 'JAM', ''),
(1532, 'Tokyo', 'JPN', ''),
(1533, 'Jokohama [Yokohama]', 'JPN', ''),
(1534, 'Osaka', 'JPN', ''),
(1535, 'Nagoya', 'JPN', ''),
(1536, 'Sapporo', 'JPN', ''),
(1537, 'Kioto', 'JPN', ''),
(1538, 'Kobe', 'JPN', ''),
(1539, 'Fukuoka', 'JPN', ''),
(1540, 'Kawasaki', 'JPN', ''),
(1541, 'Hiroshima', 'JPN', ''),
(1542, 'Kitakyushu', 'JPN', ''),
(1543, 'Sendai', 'JPN', ''),
(1544, 'Chiba', 'JPN', ''),
(1545, 'Sakai', 'JPN', ''),
(1546, 'Kumamoto', 'JPN', ''),
(1547, 'Okayama', 'JPN', ''),
(1548, 'Sagamihara', 'JPN', ''),
(1549, 'Hamamatsu', 'JPN', ''),
(1550, 'Kagoshima', 'JPN', ''),
(1551, 'Funabashi', 'JPN', ''),
(1552, 'Higashiosaka', 'JPN', ''),
(1553, 'Hachioji', 'JPN', ''),
(1554, 'Niigata', 'JPN', ''),
(1555, 'Amagasaki', 'JPN', ''),
(1556, 'Himeji', 'JPN', ''),
(1557, 'Shizuoka', 'JPN', ''),
(1558, 'Urawa', 'JPN', ''),
(1559, 'Matsuyama', 'JPN', ''),
(1560, 'Matsudo', 'JPN', ''),
(1561, 'Kanazawa', 'JPN', ''),
(1562, 'Kawaguchi', 'JPN', ''),
(1563, 'Ichikawa', 'JPN', ''),
(1564, 'Omiya', 'JPN', ''),
(1565, 'Utsunomiya', 'JPN', ''),
(1566, 'Oita', 'JPN', ''),
(1567, 'Nagasaki', 'JPN', ''),
(1568, 'Yokosuka', 'JPN', ''),
(1569, 'Kurashiki', 'JPN', ''),
(1570, 'Gifu', 'JPN', ''),
(1571, 'Hirakata', 'JPN', ''),
(1572, 'Nishinomiya', 'JPN', ''),
(1573, 'Toyonaka', 'JPN', ''),
(1574, 'Wakayama', 'JPN', ''),
(1575, 'Fukuyama', 'JPN', ''),
(1576, 'Fujisawa', 'JPN', ''),
(1577, 'Asahikawa', 'JPN', ''),
(1578, 'Machida', 'JPN', ''),
(1579, 'Nara', 'JPN', ''),
(1580, 'Takatsuki', 'JPN', ''),
(1581, 'Iwaki', 'JPN', ''),
(1582, 'Nagano', 'JPN', ''),
(1583, 'Toyohashi', 'JPN', ''),
(1584, 'Toyota', 'JPN', ''),
(1585, 'Suita', 'JPN', ''),
(1586, 'Takamatsu', 'JPN', ''),
(1587, 'Koriyama', 'JPN', ''),
(1588, 'Okazaki', 'JPN', ''),
(1589, 'Kawagoe', 'JPN', ''),
(1590, 'Tokorozawa', 'JPN', ''),
(1591, 'Toyama', 'JPN', ''),
(1592, 'Kochi', 'JPN', ''),
(1593, 'Kashiwa', 'JPN', ''),
(1594, 'Akita', 'JPN', ''),
(1595, 'Miyazaki', 'JPN', ''),
(1596, 'Koshigaya', 'JPN', ''),
(1597, 'Naha', 'JPN', ''),
(1598, 'Aomori', 'JPN', ''),
(1599, 'Hakodate', 'JPN', ''),
(1600, 'Akashi', 'JPN', ''),
(1601, 'Yokkaichi', 'JPN', ''),
(1602, 'Fukushima', 'JPN', ''),
(1603, 'Morioka', 'JPN', ''),
(1604, 'Maebashi', 'JPN', ''),
(1605, 'Kasugai', 'JPN', ''),
(1606, 'Otsu', 'JPN', ''),
(1607, 'Ichihara', 'JPN', ''),
(1608, 'Yao', 'JPN', ''),
(1609, 'Ichinomiya', 'JPN', ''),
(1610, 'Tokushima', 'JPN', ''),
(1611, 'Kakogawa', 'JPN', ''),
(1612, 'Ibaraki', 'JPN', ''),
(1613, 'Neyagawa', 'JPN', ''),
(1614, 'Shimonoseki', 'JPN', ''),
(1615, 'Yamagata', 'JPN', ''),
(1616, 'Fukui', 'JPN', ''),
(1617, 'Hiratsuka', 'JPN', ''),
(1618, 'Mito', 'JPN', ''),
(1619, 'Sasebo', 'JPN', ''),
(1620, 'Hachinohe', 'JPN', ''),
(1621, 'Takasaki', 'JPN', ''),
(1622, 'Shimizu', 'JPN', ''),
(1623, 'Kurume', 'JPN', ''),
(1624, 'Fuji', 'JPN', ''),
(1625, 'Soka', 'JPN', ''),
(1626, 'Fuchu', 'JPN', ''),
(1627, 'Chigasaki', 'JPN', ''),
(1628, 'Atsugi', 'JPN', ''),
(1629, 'Numazu', 'JPN', ''),
(1630, 'Ageo', 'JPN', ''),
(1631, 'Yamato', 'JPN', ''),
(1632, 'Matsumoto', 'JPN', '');
INSERT INTO `City` (`ID`, `Name`, `CountryCode`, `Description`) VALUES
(1633, 'Kure', 'JPN', ''),
(1634, 'Takarazuka', 'JPN', ''),
(1635, 'Kasukabe', 'JPN', ''),
(1636, 'Chofu', 'JPN', ''),
(1637, 'Odawara', 'JPN', ''),
(1638, 'Kofu', 'JPN', ''),
(1639, 'Kushiro', 'JPN', ''),
(1640, 'Kishiwada', 'JPN', ''),
(1641, 'Hitachi', 'JPN', ''),
(1642, 'Nagaoka', 'JPN', ''),
(1643, 'Itami', 'JPN', ''),
(1644, 'Uji', 'JPN', ''),
(1645, 'Suzuka', 'JPN', ''),
(1646, 'Hirosaki', 'JPN', ''),
(1647, 'Ube', 'JPN', ''),
(1648, 'Kodaira', 'JPN', ''),
(1649, 'Takaoka', 'JPN', ''),
(1650, 'Obihiro', 'JPN', ''),
(1651, 'Tomakomai', 'JPN', ''),
(1652, 'Saga', 'JPN', ''),
(1653, 'Sakura', 'JPN', ''),
(1654, 'Kamakura', 'JPN', ''),
(1655, 'Mitaka', 'JPN', ''),
(1656, 'Izumi', 'JPN', ''),
(1657, 'Hino', 'JPN', ''),
(1658, 'Hadano', 'JPN', ''),
(1659, 'Ashikaga', 'JPN', ''),
(1660, 'Tsu', 'JPN', ''),
(1661, 'Sayama', 'JPN', ''),
(1662, 'Yachiyo', 'JPN', ''),
(1663, 'Tsukuba', 'JPN', ''),
(1664, 'Tachikawa', 'JPN', ''),
(1665, 'Kumagaya', 'JPN', ''),
(1666, 'Moriguchi', 'JPN', ''),
(1667, 'Otaru', 'JPN', ''),
(1668, 'Anjo', 'JPN', ''),
(1669, 'Narashino', 'JPN', ''),
(1670, 'Oyama', 'JPN', ''),
(1671, 'Ogaki', 'JPN', ''),
(1672, 'Matsue', 'JPN', ''),
(1673, 'Kawanishi', 'JPN', ''),
(1674, 'Hitachinaka', 'JPN', ''),
(1675, 'Niiza', 'JPN', ''),
(1676, 'Nagareyama', 'JPN', ''),
(1677, 'Tottori', 'JPN', ''),
(1678, 'Tama', 'JPN', ''),
(1679, 'Iruma', 'JPN', ''),
(1680, 'Ota', 'JPN', ''),
(1681, 'Omuta', 'JPN', ''),
(1682, 'Komaki', 'JPN', ''),
(1683, 'Ome', 'JPN', ''),
(1684, 'Kadoma', 'JPN', ''),
(1685, 'Yamaguchi', 'JPN', ''),
(1686, 'Higashimurayama', 'JPN', ''),
(1687, 'Yonago', 'JPN', ''),
(1688, 'Matsubara', 'JPN', ''),
(1689, 'Musashino', 'JPN', ''),
(1690, 'Tsuchiura', 'JPN', ''),
(1691, 'Joetsu', 'JPN', ''),
(1692, 'Miyakonojo', 'JPN', ''),
(1693, 'Misato', 'JPN', ''),
(1694, 'Kakamigahara', 'JPN', ''),
(1695, 'Daito', 'JPN', ''),
(1696, 'Seto', 'JPN', ''),
(1697, 'Kariya', 'JPN', ''),
(1698, 'Urayasu', 'JPN', ''),
(1699, 'Beppu', 'JPN', ''),
(1700, 'Niihama', 'JPN', ''),
(1701, 'Minoo', 'JPN', ''),
(1702, 'Fujieda', 'JPN', ''),
(1703, 'Abiko', 'JPN', ''),
(1704, 'Nobeoka', 'JPN', ''),
(1705, 'Tondabayashi', 'JPN', ''),
(1706, 'Ueda', 'JPN', ''),
(1707, 'Kashihara', 'JPN', ''),
(1708, 'Matsusaka', 'JPN', ''),
(1709, 'Isesaki', 'JPN', ''),
(1710, 'Zama', 'JPN', ''),
(1711, 'Kisarazu', 'JPN', ''),
(1712, 'Noda', 'JPN', ''),
(1713, 'Ishinomaki', 'JPN', ''),
(1714, 'Fujinomiya', 'JPN', ''),
(1715, 'Kawachinagano', 'JPN', ''),
(1716, 'Imabari', 'JPN', ''),
(1717, 'Aizuwakamatsu', 'JPN', ''),
(1718, 'Higashihiroshima', 'JPN', ''),
(1719, 'Habikino', 'JPN', ''),
(1720, 'Ebetsu', 'JPN', ''),
(1721, 'Hofu', 'JPN', ''),
(1722, 'Kiryu', 'JPN', ''),
(1723, 'Okinawa', 'JPN', ''),
(1724, 'Yaizu', 'JPN', ''),
(1725, 'Toyokawa', 'JPN', ''),
(1726, 'Ebina', 'JPN', ''),
(1727, 'Asaka', 'JPN', ''),
(1728, 'Higashikurume', 'JPN', ''),
(1729, 'Ikoma', 'JPN', ''),
(1730, 'Kitami', 'JPN', ''),
(1731, 'Koganei', 'JPN', ''),
(1732, 'Iwatsuki', 'JPN', ''),
(1733, 'Mishima', 'JPN', ''),
(1734, 'Handa', 'JPN', ''),
(1735, 'Muroran', 'JPN', ''),
(1736, 'Komatsu', 'JPN', ''),
(1737, 'Yatsushiro', 'JPN', ''),
(1738, 'Iida', 'JPN', ''),
(1739, 'Tokuyama', 'JPN', ''),
(1740, 'Kokubunji', 'JPN', ''),
(1741, 'Akishima', 'JPN', ''),
(1742, 'Iwakuni', 'JPN', ''),
(1743, 'Kusatsu', 'JPN', ''),
(1744, 'Kuwana', 'JPN', ''),
(1745, 'Sanda', 'JPN', ''),
(1746, 'Hikone', 'JPN', ''),
(1747, 'Toda', 'JPN', ''),
(1748, 'Tajimi', 'JPN', ''),
(1749, 'Ikeda', 'JPN', ''),
(1750, 'Fukaya', 'JPN', ''),
(1751, 'Ise', 'JPN', ''),
(1752, 'Sakata', 'JPN', ''),
(1753, 'Kasuga', 'JPN', ''),
(1754, 'Kamagaya', 'JPN', ''),
(1755, 'Tsuruoka', 'JPN', ''),
(1756, 'Hoya', 'JPN', ''),
(1757, 'Nishio', 'JPN', ''),
(1758, 'Tokai', 'JPN', ''),
(1759, 'Inazawa', 'JPN', ''),
(1760, 'Sakado', 'JPN', ''),
(1761, 'Isehara', 'JPN', ''),
(1762, 'Takasago', 'JPN', ''),
(1763, 'Fujimi', 'JPN', ''),
(1764, 'Urasoe', 'JPN', ''),
(1765, 'Yonezawa', 'JPN', ''),
(1766, 'Konan', 'JPN', ''),
(1767, 'Yamatokoriyama', 'JPN', ''),
(1768, 'Maizuru', 'JPN', ''),
(1769, 'Onomichi', 'JPN', ''),
(1770, 'Higashimatsuyama', 'JPN', ''),
(1771, 'Kimitsu', 'JPN', ''),
(1772, 'Isahaya', 'JPN', ''),
(1773, 'Kanuma', 'JPN', ''),
(1774, 'Izumisano', 'JPN', ''),
(1775, 'Kameoka', 'JPN', ''),
(1776, 'Mobara', 'JPN', ''),
(1777, 'Narita', 'JPN', ''),
(1778, 'Kashiwazaki', 'JPN', ''),
(1779, 'Tsuyama', 'JPN', ''),
(1780, 'Sanaa', 'YEM', ''),
(1781, 'Aden', 'YEM', ''),
(1782, 'Taizz', 'YEM', ''),
(1783, 'Hodeida', 'YEM', ''),
(1784, 'al-Mukalla', 'YEM', ''),
(1785, 'Ibb', 'YEM', ''),
(1786, 'Amman', 'JOR', ''),
(1787, 'al-Zarqa', 'JOR', ''),
(1788, 'Irbid', 'JOR', ''),
(1789, 'al-Rusayfa', 'JOR', ''),
(1790, 'Wadi al-Sir', 'JOR', ''),
(1791, 'Flying Fish Cove', 'CXR', ''),
(1792, 'Beograd', 'YUG', ''),
(1793, 'Novi Sad', 'YUG', ''),
(1794, 'Niš', 'YUG', ''),
(1795, 'Priština', 'YUG', ''),
(1796, 'Kragujevac', 'YUG', ''),
(1797, 'Podgorica', 'YUG', ''),
(1798, 'Subotica', 'YUG', ''),
(1799, 'Prizren', 'YUG', ''),
(1800, 'Phnom Penh', 'KHM', ''),
(1801, 'Battambang', 'KHM', ''),
(1802, 'Siem Reap', 'KHM', ''),
(1803, 'Douala', 'CMR', ''),
(1804, 'Yaoundé', 'CMR', ''),
(1805, 'Garoua', 'CMR', ''),
(1806, 'Maroua', 'CMR', ''),
(1807, 'Bamenda', 'CMR', ''),
(1808, 'Bafoussam', 'CMR', ''),
(1809, 'Nkongsamba', 'CMR', ''),
(1810, 'Montréal', 'CAN', ''),
(1811, 'Calgary', 'CAN', ''),
(1812, 'Toronto', 'CAN', ''),
(1813, 'North York', 'CAN', ''),
(1814, 'Winnipeg', 'CAN', ''),
(1815, 'Edmonton', 'CAN', ''),
(1816, 'Mississauga', 'CAN', ''),
(1817, 'Scarborough', 'CAN', ''),
(1818, 'Vancouver', 'CAN', ''),
(1819, 'Etobicoke', 'CAN', ''),
(1820, 'London', 'CAN', ''),
(1821, 'Hamilton', 'CAN', ''),
(1822, 'Ottawa', 'CAN', ''),
(1823, 'Laval', 'CAN', ''),
(1824, 'Surrey', 'CAN', ''),
(1825, 'Brampton', 'CAN', ''),
(1826, 'Windsor', 'CAN', ''),
(1827, 'Saskatoon', 'CAN', ''),
(1828, 'Kitchener', 'CAN', ''),
(1829, 'Markham', 'CAN', ''),
(1830, 'Regina', 'CAN', ''),
(1831, 'Burnaby', 'CAN', ''),
(1832, 'Québec', 'CAN', ''),
(1833, 'York', 'CAN', ''),
(1834, 'Richmond', 'CAN', ''),
(1835, 'Vaughan', 'CAN', ''),
(1836, 'Burlington', 'CAN', ''),
(1837, 'Oshawa', 'CAN', ''),
(1838, 'Oakville', 'CAN', ''),
(1839, 'Saint Catharines', 'CAN', ''),
(1840, 'Longueuil', 'CAN', ''),
(1841, 'Richmond Hill', 'CAN', ''),
(1842, 'Thunder Bay', 'CAN', ''),
(1843, 'Nepean', 'CAN', ''),
(1844, 'Cape Breton', 'CAN', ''),
(1845, 'East York', 'CAN', ''),
(1846, 'Halifax', 'CAN', ''),
(1847, 'Cambridge', 'CAN', ''),
(1848, 'Gloucester', 'CAN', ''),
(1849, 'Abbotsford', 'CAN', ''),
(1850, 'Guelph', 'CAN', ''),
(1851, 'Saint John´s', 'CAN', ''),
(1852, 'Coquitlam', 'CAN', ''),
(1853, 'Saanich', 'CAN', ''),
(1854, 'Gatineau', 'CAN', ''),
(1855, 'Delta', 'CAN', ''),
(1856, 'Sudbury', 'CAN', ''),
(1857, 'Kelowna', 'CAN', ''),
(1858, 'Barrie', 'CAN', ''),
(1859, 'Praia', 'CPV', ''),
(1860, 'Almaty', 'KAZ', ''),
(1861, 'Qaraghandy', 'KAZ', ''),
(1862, 'Shymkent', 'KAZ', ''),
(1863, 'Taraz', 'KAZ', ''),
(1864, 'Astana', 'KAZ', ''),
(1865, 'Öskemen', 'KAZ', ''),
(1866, 'Pavlodar', 'KAZ', ''),
(1867, 'Semey', 'KAZ', ''),
(1868, 'Aqtöbe', 'KAZ', ''),
(1869, 'Qostanay', 'KAZ', ''),
(1870, 'Petropavl', 'KAZ', ''),
(1871, 'Oral', 'KAZ', ''),
(1872, 'Temirtau', 'KAZ', ''),
(1873, 'Qyzylorda', 'KAZ', ''),
(1874, 'Aqtau', 'KAZ', ''),
(1875, 'Atyrau', 'KAZ', ''),
(1876, 'Ekibastuz', 'KAZ', ''),
(1877, 'Kökshetau', 'KAZ', ''),
(1878, 'Rudnyy', 'KAZ', ''),
(1879, 'Taldyqorghan', 'KAZ', ''),
(1880, 'Zhezqazghan', 'KAZ', ''),
(1881, 'Nairobi', 'KEN', ''),
(1882, 'Mombasa', 'KEN', ''),
(1883, 'Kisumu', 'KEN', ''),
(1884, 'Nakuru', 'KEN', ''),
(1885, 'Machakos', 'KEN', ''),
(1886, 'Eldoret', 'KEN', ''),
(1887, 'Meru', 'KEN', ''),
(1888, 'Nyeri', 'KEN', ''),
(1889, 'Bangui', 'CAF', ''),
(1890, 'Shanghai', 'CHN', ''),
(1891, 'Peking', 'CHN', ''),
(1892, 'Chongqing', 'CHN', ''),
(1893, 'Tianjin', 'CHN', ''),
(1894, 'Wuhan', 'CHN', ''),
(1895, 'Harbin', 'CHN', ''),
(1896, 'Shenyang', 'CHN', ''),
(1897, 'Kanton [Guangzhou]', 'CHN', ''),
(1898, 'Chengdu', 'CHN', ''),
(1899, 'Nanking [Nanjing]', 'CHN', ''),
(1900, 'Changchun', 'CHN', ''),
(1901, 'Xi´an', 'CHN', ''),
(1902, 'Dalian', 'CHN', ''),
(1903, 'Qingdao', 'CHN', ''),
(1904, 'Jinan', 'CHN', ''),
(1905, 'Hangzhou', 'CHN', ''),
(1906, 'Zhengzhou', 'CHN', ''),
(1907, 'Shijiazhuang', 'CHN', ''),
(1908, 'Taiyuan', 'CHN', ''),
(1909, 'Kunming', 'CHN', ''),
(1910, 'Changsha', 'CHN', ''),
(1911, 'Nanchang', 'CHN', ''),
(1912, 'Fuzhou', 'CHN', ''),
(1913, 'Lanzhou', 'CHN', ''),
(1914, 'Guiyang', 'CHN', ''),
(1915, 'Ningbo', 'CHN', ''),
(1916, 'Hefei', 'CHN', ''),
(1917, 'Urumtši [Ürümqi]', 'CHN', ''),
(1918, 'Anshan', 'CHN', ''),
(1919, 'Fushun', 'CHN', ''),
(1920, 'Nanning', 'CHN', ''),
(1921, 'Zibo', 'CHN', ''),
(1922, 'Qiqihar', 'CHN', ''),
(1923, 'Jilin', 'CHN', ''),
(1924, 'Tangshan', 'CHN', ''),
(1925, 'Baotou', 'CHN', ''),
(1926, 'Shenzhen', 'CHN', ''),
(1927, 'Hohhot', 'CHN', ''),
(1928, 'Handan', 'CHN', ''),
(1929, 'Wuxi', 'CHN', ''),
(1930, 'Xuzhou', 'CHN', ''),
(1931, 'Datong', 'CHN', ''),
(1932, 'Yichun', 'CHN', ''),
(1933, 'Benxi', 'CHN', ''),
(1934, 'Luoyang', 'CHN', ''),
(1935, 'Suzhou', 'CHN', ''),
(1936, 'Xining', 'CHN', ''),
(1937, 'Huainan', 'CHN', ''),
(1938, 'Jixi', 'CHN', ''),
(1939, 'Daqing', 'CHN', ''),
(1940, 'Fuxin', 'CHN', ''),
(1941, 'Amoy [Xiamen]', 'CHN', ''),
(1942, 'Liuzhou', 'CHN', ''),
(1943, 'Shantou', 'CHN', ''),
(1944, 'Jinzhou', 'CHN', ''),
(1945, 'Mudanjiang', 'CHN', ''),
(1946, 'Yinchuan', 'CHN', ''),
(1947, 'Changzhou', 'CHN', ''),
(1948, 'Zhangjiakou', 'CHN', ''),
(1949, 'Dandong', 'CHN', ''),
(1950, 'Hegang', 'CHN', ''),
(1951, 'Kaifeng', 'CHN', ''),
(1952, 'Jiamusi', 'CHN', ''),
(1953, 'Liaoyang', 'CHN', ''),
(1954, 'Hengyang', 'CHN', ''),
(1955, 'Baoding', 'CHN', ''),
(1956, 'Hunjiang', 'CHN', ''),
(1957, 'Xinxiang', 'CHN', ''),
(1958, 'Huangshi', 'CHN', ''),
(1959, 'Haikou', 'CHN', ''),
(1960, 'Yantai', 'CHN', ''),
(1961, 'Bengbu', 'CHN', ''),
(1962, 'Xiangtan', 'CHN', ''),
(1963, 'Weifang', 'CHN', ''),
(1964, 'Wuhu', 'CHN', ''),
(1965, 'Pingxiang', 'CHN', ''),
(1966, 'Yingkou', 'CHN', ''),
(1967, 'Anyang', 'CHN', ''),
(1968, 'Panzhihua', 'CHN', ''),
(1969, 'Pingdingshan', 'CHN', ''),
(1970, 'Xiangfan', 'CHN', ''),
(1971, 'Zhuzhou', 'CHN', ''),
(1972, 'Jiaozuo', 'CHN', ''),
(1973, 'Wenzhou', 'CHN', ''),
(1974, 'Zhangjiang', 'CHN', ''),
(1975, 'Zigong', 'CHN', ''),
(1976, 'Shuangyashan', 'CHN', ''),
(1977, 'Zaozhuang', 'CHN', ''),
(1978, 'Yakeshi', 'CHN', ''),
(1979, 'Yichang', 'CHN', ''),
(1980, 'Zhenjiang', 'CHN', ''),
(1981, 'Huaibei', 'CHN', ''),
(1982, 'Qinhuangdao', 'CHN', ''),
(1983, 'Guilin', 'CHN', ''),
(1984, 'Liupanshui', 'CHN', ''),
(1985, 'Panjin', 'CHN', ''),
(1986, 'Yangquan', 'CHN', ''),
(1987, 'Jinxi', 'CHN', ''),
(1988, 'Liaoyuan', 'CHN', ''),
(1989, 'Lianyungang', 'CHN', ''),
(1990, 'Xianyang', 'CHN', ''),
(1991, 'Tai´an', 'CHN', ''),
(1992, 'Chifeng', 'CHN', ''),
(1993, 'Shaoguan', 'CHN', ''),
(1994, 'Nantong', 'CHN', ''),
(1995, 'Leshan', 'CHN', ''),
(1996, 'Baoji', 'CHN', ''),
(1997, 'Linyi', 'CHN', ''),
(1998, 'Tonghua', 'CHN', ''),
(1999, 'Siping', 'CHN', ''),
(2000, 'Changzhi', 'CHN', ''),
(2001, 'Tengzhou', 'CHN', ''),
(2002, 'Chaozhou', 'CHN', ''),
(2003, 'Yangzhou', 'CHN', ''),
(2004, 'Dongwan', 'CHN', ''),
(2005, 'Ma´anshan', 'CHN', ''),
(2006, 'Foshan', 'CHN', ''),
(2007, 'Yueyang', 'CHN', ''),
(2008, 'Xingtai', 'CHN', ''),
(2009, 'Changde', 'CHN', ''),
(2010, 'Shihezi', 'CHN', ''),
(2011, 'Yancheng', 'CHN', ''),
(2012, 'Jiujiang', 'CHN', ''),
(2013, 'Dongying', 'CHN', ''),
(2014, 'Shashi', 'CHN', ''),
(2015, 'Xintai', 'CHN', ''),
(2016, 'Jingdezhen', 'CHN', ''),
(2017, 'Tongchuan', 'CHN', ''),
(2018, 'Zhongshan', 'CHN', ''),
(2019, 'Shiyan', 'CHN', ''),
(2020, 'Tieli', 'CHN', ''),
(2021, 'Jining', 'CHN', ''),
(2022, 'Wuhai', 'CHN', ''),
(2023, 'Mianyang', 'CHN', ''),
(2024, 'Luzhou', 'CHN', ''),
(2025, 'Zunyi', 'CHN', ''),
(2026, 'Shizuishan', 'CHN', ''),
(2027, 'Neijiang', 'CHN', ''),
(2028, 'Tongliao', 'CHN', ''),
(2029, 'Tieling', 'CHN', ''),
(2030, 'Wafangdian', 'CHN', ''),
(2031, 'Anqing', 'CHN', ''),
(2032, 'Shaoyang', 'CHN', ''),
(2033, 'Laiwu', 'CHN', ''),
(2034, 'Chengde', 'CHN', ''),
(2035, 'Tianshui', 'CHN', ''),
(2036, 'Nanyang', 'CHN', ''),
(2037, 'Cangzhou', 'CHN', ''),
(2038, 'Yibin', 'CHN', ''),
(2039, 'Huaiyin', 'CHN', ''),
(2040, 'Dunhua', 'CHN', ''),
(2041, 'Yanji', 'CHN', ''),
(2042, 'Jiangmen', 'CHN', ''),
(2043, 'Tongling', 'CHN', ''),
(2044, 'Suihua', 'CHN', ''),
(2045, 'Gongziling', 'CHN', ''),
(2046, 'Xiantao', 'CHN', ''),
(2047, 'Chaoyang', 'CHN', ''),
(2048, 'Ganzhou', 'CHN', ''),
(2049, 'Huzhou', 'CHN', ''),
(2050, 'Baicheng', 'CHN', ''),
(2051, 'Shangzi', 'CHN', ''),
(2052, 'Yangjiang', 'CHN', ''),
(2053, 'Qitaihe', 'CHN', ''),
(2054, 'Gejiu', 'CHN', ''),
(2055, 'Jiangyin', 'CHN', ''),
(2056, 'Hebi', 'CHN', ''),
(2057, 'Jiaxing', 'CHN', ''),
(2058, 'Wuzhou', 'CHN', ''),
(2059, 'Meihekou', 'CHN', ''),
(2060, 'Xuchang', 'CHN', ''),
(2061, 'Liaocheng', 'CHN', ''),
(2062, 'Haicheng', 'CHN', ''),
(2063, 'Qianjiang', 'CHN', ''),
(2064, 'Baiyin', 'CHN', ''),
(2065, 'Bei´an', 'CHN', ''),
(2066, 'Yixing', 'CHN', ''),
(2067, 'Laizhou', 'CHN', ''),
(2068, 'Qaramay', 'CHN', ''),
(2069, 'Acheng', 'CHN', ''),
(2070, 'Dezhou', 'CHN', ''),
(2071, 'Nanping', 'CHN', ''),
(2072, 'Zhaoqing', 'CHN', ''),
(2073, 'Beipiao', 'CHN', ''),
(2074, 'Fengcheng', 'CHN', ''),
(2075, 'Fuyu', 'CHN', ''),
(2076, 'Xinyang', 'CHN', ''),
(2077, 'Dongtai', 'CHN', ''),
(2078, 'Yuci', 'CHN', ''),
(2079, 'Honghu', 'CHN', ''),
(2080, 'Ezhou', 'CHN', ''),
(2081, 'Heze', 'CHN', ''),
(2082, 'Daxian', 'CHN', ''),
(2083, 'Linfen', 'CHN', ''),
(2084, 'Tianmen', 'CHN', ''),
(2085, 'Yiyang', 'CHN', ''),
(2086, 'Quanzhou', 'CHN', ''),
(2087, 'Rizhao', 'CHN', ''),
(2088, 'Deyang', 'CHN', ''),
(2089, 'Guangyuan', 'CHN', ''),
(2090, 'Changshu', 'CHN', ''),
(2091, 'Zhangzhou', 'CHN', ''),
(2092, 'Hailar', 'CHN', ''),
(2093, 'Nanchong', 'CHN', ''),
(2094, 'Jiutai', 'CHN', ''),
(2095, 'Zhaodong', 'CHN', ''),
(2096, 'Shaoxing', 'CHN', ''),
(2097, 'Fuyang', 'CHN', ''),
(2098, 'Maoming', 'CHN', ''),
(2099, 'Qujing', 'CHN', ''),
(2100, 'Ghulja', 'CHN', ''),
(2101, 'Jiaohe', 'CHN', ''),
(2102, 'Puyang', 'CHN', ''),
(2103, 'Huadian', 'CHN', ''),
(2104, 'Jiangyou', 'CHN', ''),
(2105, 'Qashqar', 'CHN', ''),
(2106, 'Anshun', 'CHN', ''),
(2107, 'Fuling', 'CHN', ''),
(2108, 'Xinyu', 'CHN', ''),
(2109, 'Hanzhong', 'CHN', ''),
(2110, 'Danyang', 'CHN', ''),
(2111, 'Chenzhou', 'CHN', ''),
(2112, 'Xiaogan', 'CHN', ''),
(2113, 'Shangqiu', 'CHN', ''),
(2114, 'Zhuhai', 'CHN', ''),
(2115, 'Qingyuan', 'CHN', ''),
(2116, 'Aqsu', 'CHN', ''),
(2117, 'Jining', 'CHN', ''),
(2118, 'Xiaoshan', 'CHN', ''),
(2119, 'Zaoyang', 'CHN', ''),
(2120, 'Xinghua', 'CHN', ''),
(2121, 'Hami', 'CHN', ''),
(2122, 'Huizhou', 'CHN', ''),
(2123, 'Jinmen', 'CHN', ''),
(2124, 'Sanming', 'CHN', ''),
(2125, 'Ulanhot', 'CHN', ''),
(2126, 'Korla', 'CHN', ''),
(2127, 'Wanxian', 'CHN', ''),
(2128, 'Rui´an', 'CHN', ''),
(2129, 'Zhoushan', 'CHN', ''),
(2130, 'Liangcheng', 'CHN', ''),
(2131, 'Jiaozhou', 'CHN', ''),
(2132, 'Taizhou', 'CHN', ''),
(2133, 'Suzhou', 'CHN', ''),
(2134, 'Yichun', 'CHN', ''),
(2135, 'Taonan', 'CHN', ''),
(2136, 'Pingdu', 'CHN', ''),
(2137, 'Ji´an', 'CHN', ''),
(2138, 'Longkou', 'CHN', ''),
(2139, 'Langfang', 'CHN', ''),
(2140, 'Zhoukou', 'CHN', ''),
(2141, 'Suining', 'CHN', ''),
(2142, 'Yulin', 'CHN', ''),
(2143, 'Jinhua', 'CHN', ''),
(2144, 'Liu´an', 'CHN', ''),
(2145, 'Shuangcheng', 'CHN', ''),
(2146, 'Suizhou', 'CHN', ''),
(2147, 'Ankang', 'CHN', ''),
(2148, 'Weinan', 'CHN', ''),
(2149, 'Longjing', 'CHN', ''),
(2150, 'Da´an', 'CHN', ''),
(2151, 'Lengshuijiang', 'CHN', ''),
(2152, 'Laiyang', 'CHN', ''),
(2153, 'Xianning', 'CHN', ''),
(2154, 'Dali', 'CHN', ''),
(2155, 'Anda', 'CHN', ''),
(2156, 'Jincheng', 'CHN', ''),
(2157, 'Longyan', 'CHN', ''),
(2158, 'Xichang', 'CHN', ''),
(2159, 'Wendeng', 'CHN', ''),
(2160, 'Hailun', 'CHN', ''),
(2161, 'Binzhou', 'CHN', ''),
(2162, 'Linhe', 'CHN', ''),
(2163, 'Wuwei', 'CHN', ''),
(2164, 'Duyun', 'CHN', ''),
(2165, 'Mishan', 'CHN', ''),
(2166, 'Shangrao', 'CHN', ''),
(2167, 'Changji', 'CHN', ''),
(2168, 'Meixian', 'CHN', ''),
(2169, 'Yushu', 'CHN', ''),
(2170, 'Tiefa', 'CHN', ''),
(2171, 'Huai´an', 'CHN', ''),
(2172, 'Leiyang', 'CHN', ''),
(2173, 'Zalantun', 'CHN', ''),
(2174, 'Weihai', 'CHN', ''),
(2175, 'Loudi', 'CHN', ''),
(2176, 'Qingzhou', 'CHN', ''),
(2177, 'Qidong', 'CHN', ''),
(2178, 'Huaihua', 'CHN', ''),
(2179, 'Luohe', 'CHN', ''),
(2180, 'Chuzhou', 'CHN', ''),
(2181, 'Kaiyuan', 'CHN', ''),
(2182, 'Linqing', 'CHN', ''),
(2183, 'Chaohu', 'CHN', ''),
(2184, 'Laohekou', 'CHN', ''),
(2185, 'Dujiangyan', 'CHN', ''),
(2186, 'Zhumadian', 'CHN', ''),
(2187, 'Linchuan', 'CHN', ''),
(2188, 'Jiaonan', 'CHN', ''),
(2189, 'Sanmenxia', 'CHN', ''),
(2190, 'Heyuan', 'CHN', ''),
(2191, 'Manzhouli', 'CHN', ''),
(2192, 'Lhasa', 'CHN', ''),
(2193, 'Lianyuan', 'CHN', ''),
(2194, 'Kuytun', 'CHN', ''),
(2195, 'Puqi', 'CHN', ''),
(2196, 'Hongjiang', 'CHN', ''),
(2197, 'Qinzhou', 'CHN', ''),
(2198, 'Renqiu', 'CHN', ''),
(2199, 'Yuyao', 'CHN', ''),
(2200, 'Guigang', 'CHN', ''),
(2201, 'Kaili', 'CHN', ''),
(2202, 'Yan´an', 'CHN', ''),
(2203, 'Beihai', 'CHN', ''),
(2204, 'Xuangzhou', 'CHN', ''),
(2205, 'Quzhou', 'CHN', ''),
(2206, 'Yong´an', 'CHN', ''),
(2207, 'Zixing', 'CHN', ''),
(2208, 'Liyang', 'CHN', ''),
(2209, 'Yizheng', 'CHN', ''),
(2210, 'Yumen', 'CHN', ''),
(2211, 'Liling', 'CHN', ''),
(2212, 'Yuncheng', 'CHN', ''),
(2213, 'Shanwei', 'CHN', ''),
(2214, 'Cixi', 'CHN', ''),
(2215, 'Yuanjiang', 'CHN', ''),
(2216, 'Bozhou', 'CHN', ''),
(2217, 'Jinchang', 'CHN', ''),
(2218, 'Fu´an', 'CHN', ''),
(2219, 'Suqian', 'CHN', ''),
(2220, 'Shishou', 'CHN', ''),
(2221, 'Hengshui', 'CHN', ''),
(2222, 'Danjiangkou', 'CHN', ''),
(2223, 'Fujin', 'CHN', ''),
(2224, 'Sanya', 'CHN', ''),
(2225, 'Guangshui', 'CHN', ''),
(2226, 'Huangshan', 'CHN', ''),
(2227, 'Xingcheng', 'CHN', ''),
(2228, 'Zhucheng', 'CHN', ''),
(2229, 'Kunshan', 'CHN', ''),
(2230, 'Haining', 'CHN', ''),
(2231, 'Pingliang', 'CHN', ''),
(2232, 'Fuqing', 'CHN', ''),
(2233, 'Xinzhou', 'CHN', ''),
(2234, 'Jieyang', 'CHN', ''),
(2235, 'Zhangjiagang', 'CHN', ''),
(2236, 'Tong Xian', 'CHN', ''),
(2237, 'Ya´an', 'CHN', ''),
(2238, 'Jinzhou', 'CHN', ''),
(2239, 'Emeishan', 'CHN', ''),
(2240, 'Enshi', 'CHN', ''),
(2241, 'Bose', 'CHN', ''),
(2242, 'Yuzhou', 'CHN', ''),
(2243, 'Kaiyuan', 'CHN', ''),
(2244, 'Tumen', 'CHN', ''),
(2245, 'Putian', 'CHN', ''),
(2246, 'Linhai', 'CHN', ''),
(2247, 'Xilin Hot', 'CHN', ''),
(2248, 'Shaowu', 'CHN', ''),
(2249, 'Junan', 'CHN', ''),
(2250, 'Huaying', 'CHN', ''),
(2251, 'Pingyi', 'CHN', ''),
(2252, 'Huangyan', 'CHN', ''),
(2253, 'Bishkek', 'KGZ', ''),
(2254, 'Osh', 'KGZ', ''),
(2255, 'Bikenibeu', 'KIR', ''),
(2256, 'Bairiki', 'KIR', ''),
(2257, 'Santafé de Bogotá', 'COL', ''),
(2258, 'Cali', 'COL', ''),
(2259, 'Medellín', 'COL', ''),
(2260, 'Barranquilla', 'COL', ''),
(2261, 'Cartagena', 'COL', ''),
(2262, 'Cúcuta', 'COL', ''),
(2263, 'Bucaramanga', 'COL', ''),
(2264, 'Ibagué', 'COL', ''),
(2265, 'Pereira', 'COL', ''),
(2266, 'Santa Marta', 'COL', ''),
(2267, 'Manizales', 'COL', ''),
(2268, 'Bello', 'COL', ''),
(2269, 'Pasto', 'COL', ''),
(2270, 'Neiva', 'COL', ''),
(2271, 'Soledad', 'COL', ''),
(2272, 'Armenia', 'COL', ''),
(2273, 'Villavicencio', 'COL', ''),
(2274, 'Soacha', 'COL', ''),
(2275, 'Valledupar', 'COL', ''),
(2276, 'Montería', 'COL', ''),
(2277, 'Itagüí', 'COL', ''),
(2278, 'Palmira', 'COL', ''),
(2279, 'Buenaventura', 'COL', ''),
(2280, 'Floridablanca', 'COL', ''),
(2281, 'Sincelejo', 'COL', ''),
(2282, 'Popayán', 'COL', ''),
(2283, 'Barrancabermeja', 'COL', ''),
(2284, 'Dos Quebradas', 'COL', ''),
(2285, 'Tuluá', 'COL', ''),
(2286, 'Envigado', 'COL', ''),
(2287, 'Cartago', 'COL', ''),
(2288, 'Girardot', 'COL', ''),
(2289, 'Buga', 'COL', ''),
(2290, 'Tunja', 'COL', ''),
(2291, 'Florencia', 'COL', ''),
(2292, 'Maicao', 'COL', ''),
(2293, 'Sogamoso', 'COL', ''),
(2294, 'Giron', 'COL', ''),
(2295, 'Moroni', 'COM', ''),
(2296, 'Brazzaville', 'COG', ''),
(2297, 'Pointe-Noire', 'COG', ''),
(2298, 'Kinshasa', 'COD', ''),
(2299, 'Lubumbashi', 'COD', ''),
(2300, 'Mbuji-Mayi', 'COD', ''),
(2301, 'Kolwezi', 'COD', ''),
(2302, 'Kisangani', 'COD', ''),
(2303, 'Kananga', 'COD', ''),
(2304, 'Likasi', 'COD', ''),
(2305, 'Bukavu', 'COD', ''),
(2306, 'Kikwit', 'COD', ''),
(2307, 'Tshikapa', 'COD', ''),
(2308, 'Matadi', 'COD', ''),
(2309, 'Mbandaka', 'COD', ''),
(2310, 'Mwene-Ditu', 'COD', ''),
(2311, 'Boma', 'COD', ''),
(2312, 'Uvira', 'COD', ''),
(2313, 'Butembo', 'COD', ''),
(2314, 'Goma', 'COD', ''),
(2315, 'Kalemie', 'COD', ''),
(2316, 'Bantam', 'CCK', ''),
(2317, 'West Island', 'CCK', ''),
(2318, 'Pyongyang', 'PRK', ''),
(2319, 'Hamhung', 'PRK', ''),
(2320, 'Chongjin', 'PRK', ''),
(2321, 'Nampo', 'PRK', ''),
(2322, 'Sinuiju', 'PRK', ''),
(2323, 'Wonsan', 'PRK', ''),
(2324, 'Phyongsong', 'PRK', ''),
(2325, 'Sariwon', 'PRK', ''),
(2326, 'Haeju', 'PRK', ''),
(2327, 'Kanggye', 'PRK', ''),
(2328, 'Kimchaek', 'PRK', ''),
(2329, 'Hyesan', 'PRK', ''),
(2330, 'Kaesong', 'PRK', ''),
(2331, 'Seoul', 'KOR', ''),
(2332, 'Pusan', 'KOR', ''),
(2333, 'Inchon', 'KOR', ''),
(2334, 'Taegu', 'KOR', ''),
(2335, 'Taejon', 'KOR', ''),
(2336, 'Kwangju', 'KOR', ''),
(2337, 'Ulsan', 'KOR', ''),
(2338, 'Songnam', 'KOR', ''),
(2339, 'Puchon', 'KOR', ''),
(2340, 'Suwon', 'KOR', ''),
(2341, 'Anyang', 'KOR', ''),
(2342, 'Chonju', 'KOR', ''),
(2343, 'Chongju', 'KOR', ''),
(2344, 'Koyang', 'KOR', ''),
(2345, 'Ansan', 'KOR', ''),
(2346, 'Pohang', 'KOR', ''),
(2347, 'Chang-won', 'KOR', ''),
(2348, 'Masan', 'KOR', ''),
(2349, 'Kwangmyong', 'KOR', ''),
(2350, 'Chonan', 'KOR', ''),
(2351, 'Chinju', 'KOR', ''),
(2352, 'Iksan', 'KOR', ''),
(2353, 'Pyongtaek', 'KOR', ''),
(2354, 'Kumi', 'KOR', ''),
(2355, 'Uijongbu', 'KOR', ''),
(2356, 'Kyongju', 'KOR', ''),
(2357, 'Kunsan', 'KOR', ''),
(2358, 'Cheju', 'KOR', ''),
(2359, 'Kimhae', 'KOR', ''),
(2360, 'Sunchon', 'KOR', ''),
(2361, 'Mokpo', 'KOR', ''),
(2362, 'Yong-in', 'KOR', ''),
(2363, 'Wonju', 'KOR', ''),
(2364, 'Kunpo', 'KOR', ''),
(2365, 'Chunchon', 'KOR', ''),
(2366, 'Namyangju', 'KOR', ''),
(2367, 'Kangnung', 'KOR', ''),
(2368, 'Chungju', 'KOR', ''),
(2369, 'Andong', 'KOR', ''),
(2370, 'Yosu', 'KOR', ''),
(2371, 'Kyongsan', 'KOR', ''),
(2372, 'Paju', 'KOR', ''),
(2373, 'Yangsan', 'KOR', ''),
(2374, 'Ichon', 'KOR', ''),
(2375, 'Asan', 'KOR', ''),
(2376, 'Koje', 'KOR', ''),
(2377, 'Kimchon', 'KOR', ''),
(2378, 'Nonsan', 'KOR', ''),
(2379, 'Kuri', 'KOR', ''),
(2380, 'Chong-up', 'KOR', ''),
(2381, 'Chechon', 'KOR', ''),
(2382, 'Sosan', 'KOR', ''),
(2383, 'Shihung', 'KOR', ''),
(2384, 'Tong-yong', 'KOR', ''),
(2385, 'Kongju', 'KOR', ''),
(2386, 'Yongju', 'KOR', ''),
(2387, 'Chinhae', 'KOR', ''),
(2388, 'Sangju', 'KOR', ''),
(2389, 'Poryong', 'KOR', ''),
(2390, 'Kwang-yang', 'KOR', ''),
(2391, 'Miryang', 'KOR', ''),
(2392, 'Hanam', 'KOR', ''),
(2393, 'Kimje', 'KOR', ''),
(2394, 'Yongchon', 'KOR', ''),
(2395, 'Sachon', 'KOR', ''),
(2396, 'Uiwang', 'KOR', ''),
(2397, 'Naju', 'KOR', ''),
(2398, 'Namwon', 'KOR', ''),
(2399, 'Tonghae', 'KOR', ''),
(2400, 'Mun-gyong', 'KOR', ''),
(2401, 'Athenai', 'GRC', ''),
(2402, 'Thessaloniki', 'GRC', ''),
(2403, 'Pireus', 'GRC', ''),
(2404, 'Patras', 'GRC', ''),
(2405, 'Peristerion', 'GRC', ''),
(2406, 'Herakleion', 'GRC', ''),
(2407, 'Kallithea', 'GRC', ''),
(2408, 'Larisa', 'GRC', ''),
(2409, 'Zagreb', 'HRV', ''),
(2410, 'Split', 'HRV', ''),
(2411, 'Rijeka', 'HRV', ''),
(2412, 'Osijek', 'HRV', ''),
(2413, 'La Habana', 'CUB', ''),
(2414, 'Santiago de Cuba', 'CUB', ''),
(2415, 'Camagüey', 'CUB', ''),
(2416, 'Holguín', 'CUB', ''),
(2417, 'Santa Clara', 'CUB', ''),
(2418, 'Guantánamo', 'CUB', ''),
(2419, 'Pinar del Río', 'CUB', ''),
(2420, 'Bayamo', 'CUB', ''),
(2421, 'Cienfuegos', 'CUB', ''),
(2422, 'Victoria de las Tunas', 'CUB', ''),
(2423, 'Matanzas', 'CUB', ''),
(2424, 'Manzanillo', 'CUB', ''),
(2425, 'Sancti-Spíritus', 'CUB', ''),
(2426, 'Ciego de Ávila', 'CUB', ''),
(2427, 'al-Salimiya', 'KWT', ''),
(2428, 'Jalib al-Shuyukh', 'KWT', ''),
(2429, 'Kuwait', 'KWT', ''),
(2430, 'Nicosia', 'CYP', ''),
(2431, 'Limassol', 'CYP', ''),
(2432, 'Vientiane', 'LAO', ''),
(2433, 'Savannakhet', 'LAO', ''),
(2434, 'Riga', 'LVA', ''),
(2435, 'Daugavpils', 'LVA', ''),
(2436, 'Liepaja', 'LVA', ''),
(2437, 'Maseru', 'LSO', ''),
(2438, 'Beirut', 'LBN', ''),
(2439, 'Tripoli', 'LBN', ''),
(2440, 'Monrovia', 'LBR', ''),
(2441, 'Tripoli', 'LBY', ''),
(2442, 'Bengasi', 'LBY', ''),
(2443, 'Misrata', 'LBY', ''),
(2444, 'al-Zawiya', 'LBY', ''),
(2445, 'Schaan', 'LIE', ''),
(2446, 'Vaduz', 'LIE', ''),
(2447, 'Vilnius', 'LTU', ''),
(2448, 'Kaunas', 'LTU', ''),
(2449, 'Klaipeda', 'LTU', ''),
(2450, 'Šiauliai', 'LTU', ''),
(2451, 'Panevezys', 'LTU', ''),
(2452, 'Luxembourg [Luxemburg/Lëtzebuerg]', 'LUX', ''),
(2453, 'El-Aaiún', 'ESH', ''),
(2454, 'Macao', 'MAC', ''),
(2455, 'Antananarivo', 'MDG', ''),
(2456, 'Toamasina', 'MDG', ''),
(2457, 'Antsirabé', 'MDG', ''),
(2458, 'Mahajanga', 'MDG', ''),
(2459, 'Fianarantsoa', 'MDG', ''),
(2460, 'Skopje', 'MKD', ''),
(2461, 'Blantyre', 'MWI', ''),
(2462, 'Lilongwe', 'MWI', ''),
(2463, 'Male', 'MDV', ''),
(2464, 'Kuala Lumpur', 'MYS', ''),
(2465, 'Ipoh', 'MYS', ''),
(2466, 'Johor Baharu', 'MYS', ''),
(2467, 'Petaling Jaya', 'MYS', ''),
(2468, 'Kelang', 'MYS', ''),
(2469, 'Kuala Terengganu', 'MYS', ''),
(2470, 'Pinang', 'MYS', ''),
(2471, 'Kota Bharu', 'MYS', ''),
(2472, 'Kuantan', 'MYS', ''),
(2473, 'Taiping', 'MYS', ''),
(2474, 'Seremban', 'MYS', ''),
(2475, 'Kuching', 'MYS', ''),
(2476, 'Sibu', 'MYS', ''),
(2477, 'Sandakan', 'MYS', ''),
(2478, 'Alor Setar', 'MYS', ''),
(2479, 'Selayang Baru', 'MYS', ''),
(2480, 'Sungai Petani', 'MYS', ''),
(2481, 'Shah Alam', 'MYS', ''),
(2482, 'Bamako', 'MLI', ''),
(2483, 'Birkirkara', 'MLT', ''),
(2484, 'Valletta', 'MLT', ''),
(2485, 'Casablanca', 'MAR', ''),
(2486, 'Rabat', 'MAR', ''),
(2487, 'Marrakech', 'MAR', ''),
(2488, 'Fès', 'MAR', ''),
(2489, 'Tanger', 'MAR', ''),
(2490, 'Salé', 'MAR', ''),
(2491, 'Meknès', 'MAR', ''),
(2492, 'Oujda', 'MAR', ''),
(2493, 'Kénitra', 'MAR', ''),
(2494, 'Tétouan', 'MAR', ''),
(2495, 'Safi', 'MAR', ''),
(2496, 'Agadir', 'MAR', ''),
(2497, 'Mohammedia', 'MAR', ''),
(2498, 'Khouribga', 'MAR', ''),
(2499, 'Beni-Mellal', 'MAR', ''),
(2500, 'Témara', 'MAR', ''),
(2501, 'El Jadida', 'MAR', ''),
(2502, 'Nador', 'MAR', ''),
(2503, 'Ksar el Kebir', 'MAR', ''),
(2504, 'Settat', 'MAR', ''),
(2505, 'Taza', 'MAR', ''),
(2506, 'El Araich', 'MAR', ''),
(2507, 'Dalap-Uliga-Darrit', 'MHL', ''),
(2508, 'Fort-de-France', 'MTQ', ''),
(2509, 'Nouakchott', 'MRT', ''),
(2510, 'Nouâdhibou', 'MRT', ''),
(2511, 'Port-Louis', 'MUS', ''),
(2512, 'Beau Bassin-Rose Hill', 'MUS', ''),
(2513, 'Vacoas-Phoenix', 'MUS', ''),
(2514, 'Mamoutzou', 'MYT', ''),
(2515, 'Ciudad de México', 'MEX', ''),
(2516, 'Guadalajara', 'MEX', ''),
(2517, 'Ecatepec de Morelos', 'MEX', ''),
(2518, 'Puebla', 'MEX', ''),
(2519, 'Nezahualcóyotl', 'MEX', ''),
(2520, 'Juárez', 'MEX', ''),
(2521, 'Tijuana', 'MEX', ''),
(2522, 'León', 'MEX', ''),
(2523, 'Monterrey', 'MEX', ''),
(2524, 'Zapopan', 'MEX', ''),
(2525, 'Naucalpan de Juárez', 'MEX', ''),
(2526, 'Mexicali', 'MEX', ''),
(2527, 'Culiacán', 'MEX', ''),
(2528, 'Acapulco de Juárez', 'MEX', ''),
(2529, 'Tlalnepantla de Baz', 'MEX', ''),
(2530, 'Mérida', 'MEX', ''),
(2531, 'Chihuahua', 'MEX', ''),
(2532, 'San Luis Potosí', 'MEX', ''),
(2533, 'Guadalupe', 'MEX', ''),
(2534, 'Toluca', 'MEX', ''),
(2535, 'Aguascalientes', 'MEX', ''),
(2536, 'Querétaro', 'MEX', ''),
(2537, 'Morelia', 'MEX', ''),
(2538, 'Hermosillo', 'MEX', ''),
(2539, 'Saltillo', 'MEX', ''),
(2540, 'Torreón', 'MEX', ''),
(2541, 'Centro (Villahermosa)', 'MEX', ''),
(2542, 'San Nicolás de los Garza', 'MEX', ''),
(2543, 'Durango', 'MEX', ''),
(2544, 'Chimalhuacán', 'MEX', ''),
(2545, 'Tlaquepaque', 'MEX', ''),
(2546, 'Atizapán de Zaragoza', 'MEX', ''),
(2547, 'Veracruz', 'MEX', ''),
(2548, 'Cuautitlán Izcalli', 'MEX', ''),
(2549, 'Irapuato', 'MEX', ''),
(2550, 'Tuxtla Gutiérrez', 'MEX', ''),
(2551, 'Tultitlán', 'MEX', ''),
(2552, 'Reynosa', 'MEX', ''),
(2553, 'Benito Juárez', 'MEX', ''),
(2554, 'Matamoros', 'MEX', ''),
(2555, 'Xalapa', 'MEX', ''),
(2556, 'Celaya', 'MEX', ''),
(2557, 'Mazatlán', 'MEX', ''),
(2558, 'Ensenada', 'MEX', ''),
(2559, 'Ahome', 'MEX', ''),
(2560, 'Cajeme', 'MEX', ''),
(2561, 'Cuernavaca', 'MEX', ''),
(2562, 'Tonalá', 'MEX', ''),
(2563, 'Valle de Chalco Solidaridad', 'MEX', ''),
(2564, 'Nuevo Laredo', 'MEX', ''),
(2565, 'Tepic', 'MEX', ''),
(2566, 'Tampico', 'MEX', ''),
(2567, 'Ixtapaluca', 'MEX', ''),
(2568, 'Apodaca', 'MEX', ''),
(2569, 'Guasave', 'MEX', ''),
(2570, 'Gómez Palacio', 'MEX', ''),
(2571, 'Tapachula', 'MEX', ''),
(2572, 'Nicolás Romero', 'MEX', ''),
(2573, 'Coatzacoalcos', 'MEX', ''),
(2574, 'Uruapan', 'MEX', ''),
(2575, 'Victoria', 'MEX', ''),
(2576, 'Oaxaca de Juárez', 'MEX', ''),
(2577, 'Coacalco de Berriozábal', 'MEX', ''),
(2578, 'Pachuca de Soto', 'MEX', ''),
(2579, 'General Escobedo', 'MEX', ''),
(2580, 'Salamanca', 'MEX', ''),
(2581, 'Santa Catarina', 'MEX', ''),
(2582, 'Tehuacán', 'MEX', ''),
(2583, 'Chalco', 'MEX', ''),
(2584, 'Cárdenas', 'MEX', ''),
(2585, 'Campeche', 'MEX', ''),
(2586, 'La Paz', 'MEX', ''),
(2587, 'Othón P. Blanco (Chetumal)', 'MEX', ''),
(2588, 'Texcoco', 'MEX', ''),
(2589, 'La Paz', 'MEX', ''),
(2590, 'Metepec', 'MEX', ''),
(2591, 'Monclova', 'MEX', ''),
(2592, 'Huixquilucan', 'MEX', ''),
(2593, 'Chilpancingo de los Bravo', 'MEX', ''),
(2594, 'Puerto Vallarta', 'MEX', ''),
(2595, 'Fresnillo', 'MEX', ''),
(2596, 'Ciudad Madero', 'MEX', ''),
(2597, 'Soledad de Graciano Sánchez', 'MEX', ''),
(2598, 'San Juan del Río', 'MEX', ''),
(2599, 'San Felipe del Progreso', 'MEX', ''),
(2600, 'Córdoba', 'MEX', ''),
(2601, 'Tecámac', 'MEX', ''),
(2602, 'Ocosingo', 'MEX', ''),
(2603, 'Carmen', 'MEX', ''),
(2604, 'Lázaro Cárdenas', 'MEX', ''),
(2605, 'Jiutepec', 'MEX', ''),
(2606, 'Papantla', 'MEX', ''),
(2607, 'Comalcalco', 'MEX', ''),
(2608, 'Zamora', 'MEX', ''),
(2609, 'Nogales', 'MEX', ''),
(2610, 'Huimanguillo', 'MEX', ''),
(2611, 'Cuautla', 'MEX', ''),
(2612, 'Minatitlán', 'MEX', ''),
(2613, 'Poza Rica de Hidalgo', 'MEX', ''),
(2614, 'Ciudad Valles', 'MEX', ''),
(2615, 'Navolato', 'MEX', ''),
(2616, 'San Luis Río Colorado', 'MEX', ''),
(2617, 'Pénjamo', 'MEX', ''),
(2618, 'San Andrés Tuxtla', 'MEX', ''),
(2619, 'Guanajuato', 'MEX', ''),
(2620, 'Navojoa', 'MEX', ''),
(2621, 'Zitácuaro', 'MEX', ''),
(2622, 'Boca del Río', 'MEX', ''),
(2623, 'Allende', 'MEX', ''),
(2624, 'Silao', 'MEX', ''),
(2625, 'Macuspana', 'MEX', ''),
(2626, 'San Juan Bautista Tuxtepec', 'MEX', ''),
(2627, 'San Cristóbal de las Casas', 'MEX', ''),
(2628, 'Valle de Santiago', 'MEX', ''),
(2629, 'Guaymas', 'MEX', ''),
(2630, 'Colima', 'MEX', ''),
(2631, 'Dolores Hidalgo', 'MEX', ''),
(2632, 'Lagos de Moreno', 'MEX', ''),
(2633, 'Piedras Negras', 'MEX', ''),
(2634, 'Altamira', 'MEX', ''),
(2635, 'Túxpam', 'MEX', ''),
(2636, 'San Pedro Garza García', 'MEX', ''),
(2637, 'Cuauhtémoc', 'MEX', ''),
(2638, 'Manzanillo', 'MEX', ''),
(2639, 'Iguala de la Independencia', 'MEX', ''),
(2640, 'Zacatecas', 'MEX', ''),
(2641, 'Tlajomulco de Zúñiga', 'MEX', ''),
(2642, 'Tulancingo de Bravo', 'MEX', ''),
(2643, 'Zinacantepec', 'MEX', ''),
(2644, 'San Martín Texmelucan', 'MEX', ''),
(2645, 'Tepatitlán de Morelos', 'MEX', ''),
(2646, 'Martínez de la Torre', 'MEX', ''),
(2647, 'Orizaba', 'MEX', ''),
(2648, 'Apatzingán', 'MEX', ''),
(2649, 'Atlixco', 'MEX', ''),
(2650, 'Delicias', 'MEX', ''),
(2651, 'Ixtlahuaca', 'MEX', ''),
(2652, 'El Mante', 'MEX', ''),
(2653, 'Lerdo', 'MEX', ''),
(2654, 'Almoloya de Juárez', 'MEX', ''),
(2655, 'Acámbaro', 'MEX', ''),
(2656, 'Acuña', 'MEX', ''),
(2657, 'Guadalupe', 'MEX', ''),
(2658, 'Huejutla de Reyes', 'MEX', ''),
(2659, 'Hidalgo', 'MEX', ''),
(2660, 'Los Cabos', 'MEX', ''),
(2661, 'Comitán de Domínguez', 'MEX', ''),
(2662, 'Cunduacán', 'MEX', ''),
(2663, 'Río Bravo', 'MEX', ''),
(2664, 'Temapache', 'MEX', ''),
(2665, 'Chilapa de Alvarez', 'MEX', ''),
(2666, 'Hidalgo del Parral', 'MEX', ''),
(2667, 'San Francisco del Rincón', 'MEX', ''),
(2668, 'Taxco de Alarcón', 'MEX', ''),
(2669, 'Zumpango', 'MEX', ''),
(2670, 'San Pedro Cholula', 'MEX', ''),
(2671, 'Lerma', 'MEX', ''),
(2672, 'Tecomán', 'MEX', ''),
(2673, 'Las Margaritas', 'MEX', ''),
(2674, 'Cosoleacaque', 'MEX', ''),
(2675, 'San Luis de la Paz', 'MEX', ''),
(2676, 'José Azueta', 'MEX', ''),
(2677, 'Santiago Ixcuintla', 'MEX', ''),
(2678, 'San Felipe', 'MEX', ''),
(2679, 'Tejupilco', 'MEX', ''),
(2680, 'Tantoyuca', 'MEX', ''),
(2681, 'Salvatierra', 'MEX', ''),
(2682, 'Tultepec', 'MEX', ''),
(2683, 'Temixco', 'MEX', ''),
(2684, 'Matamoros', 'MEX', ''),
(2685, 'Pánuco', 'MEX', ''),
(2686, 'El Fuerte', 'MEX', ''),
(2687, 'Tierra Blanca', 'MEX', ''),
(2688, 'Weno', 'FSM', ''),
(2689, 'Palikir', 'FSM', ''),
(2690, 'Chisinau', 'MDA', ''),
(2691, 'Tiraspol', 'MDA', ''),
(2692, 'Balti', 'MDA', ''),
(2693, 'Bender (Tîghina)', 'MDA', ''),
(2694, 'Monte-Carlo', 'MCO', ''),
(2695, 'Monaco-Ville', 'MCO', ''),
(2696, 'Ulan Bator', 'MNG', ''),
(2697, 'Plymouth', 'MSR', ''),
(2698, 'Maputo', 'MOZ', ''),
(2699, 'Matola', 'MOZ', ''),
(2700, 'Beira', 'MOZ', ''),
(2701, 'Nampula', 'MOZ', ''),
(2702, 'Chimoio', 'MOZ', ''),
(2703, 'Naçala-Porto', 'MOZ', ''),
(2704, 'Quelimane', 'MOZ', ''),
(2705, 'Mocuba', 'MOZ', ''),
(2706, 'Tete', 'MOZ', ''),
(2707, 'Xai-Xai', 'MOZ', ''),
(2708, 'Gurue', 'MOZ', ''),
(2709, 'Maxixe', 'MOZ', ''),
(2710, 'Rangoon (Yangon)', 'MMR', ''),
(2711, 'Mandalay', 'MMR', ''),
(2712, 'Moulmein (Mawlamyine)', 'MMR', ''),
(2713, 'Pegu (Bago)', 'MMR', ''),
(2714, 'Bassein (Pathein)', 'MMR', ''),
(2715, 'Monywa', 'MMR', ''),
(2716, 'Sittwe (Akyab)', 'MMR', ''),
(2717, 'Taunggyi (Taunggye)', 'MMR', ''),
(2718, 'Meikhtila', 'MMR', ''),
(2719, 'Mergui (Myeik)', 'MMR', ''),
(2720, 'Lashio (Lasho)', 'MMR', ''),
(2721, 'Prome (Pyay)', 'MMR', ''),
(2722, 'Henzada (Hinthada)', 'MMR', ''),
(2723, 'Myingyan', 'MMR', ''),
(2724, 'Tavoy (Dawei)', 'MMR', ''),
(2725, 'Pagakku (Pakokku)', 'MMR', ''),
(2726, 'Windhoek', 'NAM', ''),
(2727, 'Yangor', 'NRU', ''),
(2728, 'Yaren', 'NRU', ''),
(2729, 'Kathmandu', 'NPL', ''),
(2730, 'Biratnagar', 'NPL', ''),
(2731, 'Pokhara', 'NPL', ''),
(2732, 'Lalitapur', 'NPL', ''),
(2733, 'Birgunj', 'NPL', ''),
(2734, 'Managua', 'NIC', ''),
(2735, 'León', 'NIC', ''),
(2736, 'Chinandega', 'NIC', ''),
(2737, 'Masaya', 'NIC', ''),
(2738, 'Niamey', 'NER', ''),
(2739, 'Zinder', 'NER', ''),
(2740, 'Maradi', 'NER', ''),
(2741, 'Lagos', 'NGA', ''),
(2742, 'Ibadan', 'NGA', ''),
(2743, 'Ogbomosho', 'NGA', ''),
(2744, 'Kano', 'NGA', ''),
(2745, 'Oshogbo', 'NGA', ''),
(2746, 'Ilorin', 'NGA', ''),
(2747, 'Abeokuta', 'NGA', ''),
(2748, 'Port Harcourt', 'NGA', ''),
(2749, 'Zaria', 'NGA', ''),
(2750, 'Ilesha', 'NGA', ''),
(2751, 'Onitsha', 'NGA', ''),
(2752, 'Iwo', 'NGA', ''),
(2753, 'Ado-Ekiti', 'NGA', ''),
(2754, 'Abuja', 'NGA', ''),
(2755, 'Kaduna', 'NGA', ''),
(2756, 'Mushin', 'NGA', ''),
(2757, 'Maiduguri', 'NGA', ''),
(2758, 'Enugu', 'NGA', ''),
(2759, 'Ede', 'NGA', ''),
(2760, 'Aba', 'NGA', ''),
(2761, 'Ife', 'NGA', ''),
(2762, 'Ila', 'NGA', ''),
(2763, 'Oyo', 'NGA', ''),
(2764, 'Ikerre', 'NGA', ''),
(2765, 'Benin City', 'NGA', ''),
(2766, 'Iseyin', 'NGA', ''),
(2767, 'Katsina', 'NGA', ''),
(2768, 'Jos', 'NGA', ''),
(2769, 'Sokoto', 'NGA', ''),
(2770, 'Ilobu', 'NGA', ''),
(2771, 'Offa', 'NGA', ''),
(2772, 'Ikorodu', 'NGA', ''),
(2773, 'Ilawe-Ekiti', 'NGA', ''),
(2774, 'Owo', 'NGA', ''),
(2775, 'Ikirun', 'NGA', ''),
(2776, 'Shaki', 'NGA', ''),
(2777, 'Calabar', 'NGA', ''),
(2778, 'Ondo', 'NGA', ''),
(2779, 'Akure', 'NGA', ''),
(2780, 'Gusau', 'NGA', ''),
(2781, 'Ijebu-Ode', 'NGA', ''),
(2782, 'Effon-Alaiye', 'NGA', ''),
(2783, 'Kumo', 'NGA', ''),
(2784, 'Shomolu', 'NGA', ''),
(2785, 'Oka-Akoko', 'NGA', ''),
(2786, 'Ikare', 'NGA', ''),
(2787, 'Sapele', 'NGA', ''),
(2788, 'Deba Habe', 'NGA', ''),
(2789, 'Minna', 'NGA', ''),
(2790, 'Warri', 'NGA', ''),
(2791, 'Bida', 'NGA', ''),
(2792, 'Ikire', 'NGA', ''),
(2793, 'Makurdi', 'NGA', ''),
(2794, 'Lafia', 'NGA', ''),
(2795, 'Inisa', 'NGA', ''),
(2796, 'Shagamu', 'NGA', ''),
(2797, 'Awka', 'NGA', ''),
(2798, 'Gombe', 'NGA', ''),
(2799, 'Igboho', 'NGA', ''),
(2800, 'Ejigbo', 'NGA', ''),
(2801, 'Agege', 'NGA', ''),
(2802, 'Ise-Ekiti', 'NGA', ''),
(2803, 'Ugep', 'NGA', ''),
(2804, 'Epe', 'NGA', ''),
(2805, 'Alofi', 'NIU', ''),
(2806, 'Kingston', 'NFK', ''),
(2807, 'Oslo', 'NOR', ''),
(2808, 'Bergen', 'NOR', ''),
(2809, 'Trondheim', 'NOR', ''),
(2810, 'Stavanger', 'NOR', ''),
(2811, 'Bærum', 'NOR', ''),
(2812, 'Abidjan', 'CIV', ''),
(2813, 'Bouaké', 'CIV', ''),
(2814, 'Yamoussoukro', 'CIV', ''),
(2815, 'Daloa', 'CIV', ''),
(2816, 'Korhogo', 'CIV', ''),
(2817, 'al-Sib', 'OMN', ''),
(2818, 'Salala', 'OMN', ''),
(2819, 'Bawshar', 'OMN', ''),
(2820, 'Suhar', 'OMN', ''),
(2821, 'Masqat', 'OMN', ''),
(2822, 'Karachi', 'PAK', ''),
(2823, 'Lahore', 'PAK', ''),
(2824, 'Faisalabad', 'PAK', ''),
(2825, 'Rawalpindi', 'PAK', ''),
(2826, 'Multan', 'PAK', ''),
(2827, 'Hyderabad', 'PAK', ''),
(2828, 'Gujranwala', 'PAK', ''),
(2829, 'Peshawar', 'PAK', ''),
(2830, 'Quetta', 'PAK', ''),
(2831, 'Islamabad', 'PAK', ''),
(2832, 'Sargodha', 'PAK', ''),
(2833, 'Sialkot', 'PAK', ''),
(2834, 'Bahawalpur', 'PAK', ''),
(2835, 'Sukkur', 'PAK', ''),
(2836, 'Jhang', 'PAK', ''),
(2837, 'Sheikhupura', 'PAK', ''),
(2838, 'Larkana', 'PAK', ''),
(2839, 'Gujrat', 'PAK', ''),
(2840, 'Mardan', 'PAK', ''),
(2841, 'Kasur', 'PAK', ''),
(2842, 'Rahim Yar Khan', 'PAK', ''),
(2843, 'Sahiwal', 'PAK', ''),
(2844, 'Okara', 'PAK', ''),
(2845, 'Wah', 'PAK', ''),
(2846, 'Dera Ghazi Khan', 'PAK', ''),
(2847, 'Mirpur Khas', 'PAK', ''),
(2848, 'Nawabshah', 'PAK', ''),
(2849, 'Mingora', 'PAK', ''),
(2850, 'Chiniot', 'PAK', ''),
(2851, 'Kamoke', 'PAK', ''),
(2852, 'Mandi Burewala', 'PAK', ''),
(2853, 'Jhelum', 'PAK', ''),
(2854, 'Sadiqabad', 'PAK', ''),
(2855, 'Jacobabad', 'PAK', ''),
(2856, 'Shikarpur', 'PAK', ''),
(2857, 'Khanewal', 'PAK', ''),
(2858, 'Hafizabad', 'PAK', ''),
(2859, 'Kohat', 'PAK', ''),
(2860, 'Muzaffargarh', 'PAK', ''),
(2861, 'Khanpur', 'PAK', ''),
(2862, 'Gojra', 'PAK', ''),
(2863, 'Bahawalnagar', 'PAK', ''),
(2864, 'Muridke', 'PAK', ''),
(2865, 'Pak Pattan', 'PAK', ''),
(2866, 'Abottabad', 'PAK', ''),
(2867, 'Tando Adam', 'PAK', ''),
(2868, 'Jaranwala', 'PAK', ''),
(2869, 'Khairpur', 'PAK', ''),
(2870, 'Chishtian Mandi', 'PAK', ''),
(2871, 'Daska', 'PAK', ''),
(2872, 'Dadu', 'PAK', ''),
(2873, 'Mandi Bahauddin', 'PAK', ''),
(2874, 'Ahmadpur East', 'PAK', ''),
(2875, 'Kamalia', 'PAK', ''),
(2876, 'Khuzdar', 'PAK', ''),
(2877, 'Vihari', 'PAK', ''),
(2878, 'Dera Ismail Khan', 'PAK', ''),
(2879, 'Wazirabad', 'PAK', ''),
(2880, 'Nowshera', 'PAK', ''),
(2881, 'Koror', 'PLW', ''),
(2882, 'Ciudad de Panamá', 'PAN', ''),
(2883, 'San Miguelito', 'PAN', ''),
(2884, 'Port Moresby', 'PNG', ''),
(2885, 'Asunción', 'PRY', ''),
(2886, 'Ciudad del Este', 'PRY', ''),
(2887, 'San Lorenzo', 'PRY', ''),
(2888, 'Lambaré', 'PRY', ''),
(2889, 'Fernando de la Mora', 'PRY', ''),
(2890, 'Lima', 'PER', ''),
(2891, 'Arequipa', 'PER', ''),
(2892, 'Trujillo', 'PER', ''),
(2893, 'Chiclayo', 'PER', ''),
(2894, 'Callao', 'PER', ''),
(2895, 'Iquitos', 'PER', ''),
(2896, 'Chimbote', 'PER', ''),
(2897, 'Huancayo', 'PER', ''),
(2898, 'Piura', 'PER', ''),
(2899, 'Cusco', 'PER', ''),
(2900, 'Pucallpa', 'PER', ''),
(2901, 'Tacna', 'PER', ''),
(2902, 'Ica', 'PER', ''),
(2903, 'Sullana', 'PER', ''),
(2904, 'Juliaca', 'PER', ''),
(2905, 'Huánuco', 'PER', ''),
(2906, 'Ayacucho', 'PER', ''),
(2907, 'Chincha Alta', 'PER', ''),
(2908, 'Cajamarca', 'PER', ''),
(2909, 'Puno', 'PER', ''),
(2910, 'Ventanilla', 'PER', ''),
(2911, 'Castilla', 'PER', ''),
(2912, 'Adamstown', 'PCN', ''),
(2913, 'Garapan', 'MNP', ''),
(2914, 'Lisboa', 'PRT', ''),
(2915, 'Porto', 'PRT', ''),
(2916, 'Amadora', 'PRT', ''),
(2917, 'Coímbra', 'PRT', ''),
(2918, 'Braga', 'PRT', ''),
(2919, 'San Juan', 'PRI', ''),
(2920, 'Bayamón', 'PRI', ''),
(2921, 'Ponce', 'PRI', ''),
(2922, 'Carolina', 'PRI', ''),
(2923, 'Caguas', 'PRI', ''),
(2924, 'Arecibo', 'PRI', ''),
(2925, 'Guaynabo', 'PRI', ''),
(2926, 'Mayagüez', 'PRI', ''),
(2927, 'Toa Baja', 'PRI', ''),
(2928, 'Warszawa', 'POL', ''),
(2929, 'Lódz', 'POL', ''),
(2930, 'Kraków', 'POL', ''),
(2931, 'Wroclaw', 'POL', ''),
(2932, 'Poznan', 'POL', ''),
(2933, 'Gdansk', 'POL', ''),
(2934, 'Szczecin', 'POL', ''),
(2935, 'Bydgoszcz', 'POL', ''),
(2936, 'Lublin', 'POL', ''),
(2937, 'Katowice', 'POL', ''),
(2938, 'Bialystok', 'POL', ''),
(2939, 'Czestochowa', 'POL', ''),
(2940, 'Gdynia', 'POL', ''),
(2941, 'Sosnowiec', 'POL', ''),
(2942, 'Radom', 'POL', ''),
(2943, 'Kielce', 'POL', ''),
(2944, 'Gliwice', 'POL', ''),
(2945, 'Torun', 'POL', ''),
(2946, 'Bytom', 'POL', ''),
(2947, 'Zabrze', 'POL', ''),
(2948, 'Bielsko-Biala', 'POL', ''),
(2949, 'Olsztyn', 'POL', ''),
(2950, 'Rzeszów', 'POL', ''),
(2951, 'Ruda Slaska', 'POL', ''),
(2952, 'Rybnik', 'POL', ''),
(2953, 'Walbrzych', 'POL', ''),
(2954, 'Tychy', 'POL', ''),
(2955, 'Dabrowa Górnicza', 'POL', ''),
(2956, 'Plock', 'POL', ''),
(2957, 'Elblag', 'POL', ''),
(2958, 'Opole', 'POL', ''),
(2959, 'Gorzów Wielkopolski', 'POL', ''),
(2960, 'Wloclawek', 'POL', ''),
(2961, 'Chorzów', 'POL', ''),
(2962, 'Tarnów', 'POL', ''),
(2963, 'Zielona Góra', 'POL', ''),
(2964, 'Koszalin', 'POL', ''),
(2965, 'Legnica', 'POL', ''),
(2966, 'Kalisz', 'POL', ''),
(2967, 'Grudziadz', 'POL', ''),
(2968, 'Slupsk', 'POL', ''),
(2969, 'Jastrzebie-Zdrój', 'POL', ''),
(2970, 'Jaworzno', 'POL', ''),
(2971, 'Jelenia Góra', 'POL', ''),
(2972, 'Malabo', 'GNQ', ''),
(2973, 'Doha', 'QAT', ''),
(2974, 'Paris', 'FRA', 'Parigi è la capitale della Francia ed è una delle più belle e visitate città del mondo, densa di magia ed ispiratrice di emozioni e poesia, la Città delle luci, capace di sorprendere ed incantare i turisti che accorrono ogni anno per godere delle sue innumerevoli bellezze.\nTour Eiffel La "Tour Eiffel" è chiamata così dal nome del suo progettista, l’ingegnere Gustave Eiffel. La struttura fu costruita dal 1887 al 1889, in occasione dell’"Exposition Universelle" con lo scopo di commemorare il cente'),
(2975, 'Marseille', 'FRA', ''),
(2976, 'Lyon', 'FRA', ''),
(2977, 'Toulouse', 'FRA', ''),
(2978, 'Nice', 'FRA', ''),
(2979, 'Nantes', 'FRA', ''),
(2980, 'Strasbourg', 'FRA', ''),
(2981, 'Montpellier', 'FRA', ''),
(2982, 'Bordeaux', 'FRA', ''),
(2983, 'Rennes', 'FRA', ''),
(2984, 'Le Havre', 'FRA', ''),
(2985, 'Reims', 'FRA', ''),
(2986, 'Lille', 'FRA', ''),
(2987, 'St-Étienne', 'FRA', ''),
(2988, 'Toulon', 'FRA', ''),
(2989, 'Grenoble', 'FRA', ''),
(2990, 'Angers', 'FRA', ''),
(2991, 'Dijon', 'FRA', ''),
(2992, 'Brest', 'FRA', ''),
(2993, 'Le Mans', 'FRA', ''),
(2994, 'Clermont-Ferrand', 'FRA', ''),
(2995, 'Amiens', 'FRA', ''),
(2996, 'Aix-en-Provence', 'FRA', ''),
(2997, 'Limoges', 'FRA', ''),
(2998, 'Nîmes', 'FRA', ''),
(2999, 'Tours', 'FRA', ''),
(3000, 'Villeurbanne', 'FRA', ''),
(3001, 'Metz', 'FRA', ''),
(3002, 'Besançon', 'FRA', ''),
(3003, 'Caen', 'FRA', ''),
(3004, 'Orléans', 'FRA', ''),
(3005, 'Mulhouse', 'FRA', ''),
(3006, 'Rouen', 'FRA', ''),
(3007, 'Boulogne-Billancourt', 'FRA', ''),
(3008, 'Perpignan', 'FRA', ''),
(3009, 'Nancy', 'FRA', ''),
(3010, 'Roubaix', 'FRA', ''),
(3011, 'Argenteuil', 'FRA', ''),
(3012, 'Tourcoing', 'FRA', ''),
(3013, 'Montreuil', 'FRA', ''),
(3014, 'Cayenne', 'GUF', ''),
(3015, 'Faaa', 'PYF', ''),
(3016, 'Papeete', 'PYF', ''),
(3017, 'Saint-Denis', 'REU', ''),
(3018, 'Bucuresti', 'ROM', ''),
(3019, 'Iasi', 'ROM', ''),
(3020, 'Constanta', 'ROM', ''),
(3021, 'Cluj-Napoca', 'ROM', ''),
(3022, 'Galati', 'ROM', ''),
(3023, 'Timisoara', 'ROM', ''),
(3024, 'Brasov', 'ROM', ''),
(3025, 'Craiova', 'ROM', ''),
(3026, 'Ploiesti', 'ROM', ''),
(3027, 'Braila', 'ROM', ''),
(3028, 'Oradea', 'ROM', ''),
(3029, 'Bacau', 'ROM', ''),
(3030, 'Pitesti', 'ROM', ''),
(3031, 'Arad', 'ROM', ''),
(3032, 'Sibiu', 'ROM', ''),
(3033, 'Târgu Mures', 'ROM', ''),
(3034, 'Baia Mare', 'ROM', ''),
(3035, 'Buzau', 'ROM', ''),
(3036, 'Satu Mare', 'ROM', ''),
(3037, 'Botosani', 'ROM', ''),
(3038, 'Piatra Neamt', 'ROM', ''),
(3039, 'Râmnicu Vâlcea', 'ROM', ''),
(3040, 'Suceava', 'ROM', ''),
(3041, 'Drobeta-Turnu Severin', 'ROM', ''),
(3042, 'Târgoviste', 'ROM', ''),
(3043, 'Focsani', 'ROM', ''),
(3044, 'Târgu Jiu', 'ROM', ''),
(3045, 'Tulcea', 'ROM', ''),
(3046, 'Resita', 'ROM', ''),
(3047, 'Kigali', 'RWA', ''),
(3048, 'Stockholm', 'SWE', ''),
(3049, 'Gothenburg [Göteborg]', 'SWE', ''),
(3050, 'Malmö', 'SWE', ''),
(3051, 'Uppsala', 'SWE', ''),
(3052, 'Linköping', 'SWE', ''),
(3053, 'Västerås', 'SWE', ''),
(3054, 'Örebro', 'SWE', ''),
(3055, 'Norrköping', 'SWE', ''),
(3056, 'Helsingborg', 'SWE', ''),
(3057, 'Jönköping', 'SWE', ''),
(3058, 'Umeå', 'SWE', ''),
(3059, 'Lund', 'SWE', ''),
(3060, 'Borås', 'SWE', ''),
(3061, 'Sundsvall', 'SWE', ''),
(3062, 'Gävle', 'SWE', ''),
(3063, 'Jamestown', 'SHN', ''),
(3064, 'Basseterre', 'KNA', ''),
(3065, 'Castries', 'LCA', ''),
(3066, 'Kingstown', 'VCT', ''),
(3067, 'Saint-Pierre', 'SPM', ''),
(3068, 'Berlin', 'DEU', ''),
(3069, 'Hamburg', 'DEU', ''),
(3070, 'Munich [München]', 'DEU', ''),
(3071, 'Köln', 'DEU', ''),
(3072, 'Frankfurt am Main', 'DEU', ''),
(3073, 'Essen', 'DEU', ''),
(3074, 'Dortmund', 'DEU', ''),
(3075, 'Stuttgart', 'DEU', ''),
(3076, 'Düsseldorf', 'DEU', ''),
(3077, 'Bremen', 'DEU', ''),
(3078, 'Duisburg', 'DEU', ''),
(3079, 'Hannover', 'DEU', ''),
(3080, 'Leipzig', 'DEU', ''),
(3081, 'Nürnberg', 'DEU', ''),
(3082, 'Dresden', 'DEU', ''),
(3083, 'Bochum', 'DEU', ''),
(3084, 'Wuppertal', 'DEU', ''),
(3085, 'Bielefeld', 'DEU', ''),
(3086, 'Mannheim', 'DEU', ''),
(3087, 'Bonn', 'DEU', ''),
(3088, 'Gelsenkirchen', 'DEU', ''),
(3089, 'Karlsruhe', 'DEU', ''),
(3090, 'Wiesbaden', 'DEU', ''),
(3091, 'Münster', 'DEU', ''),
(3092, 'Mönchengladbach', 'DEU', ''),
(3093, 'Chemnitz', 'DEU', ''),
(3094, 'Augsburg', 'DEU', ''),
(3095, 'Halle/Saale', 'DEU', ''),
(3096, 'Braunschweig', 'DEU', ''),
(3097, 'Aachen', 'DEU', ''),
(3098, 'Krefeld', 'DEU', ''),
(3099, 'Magdeburg', 'DEU', ''),
(3100, 'Kiel', 'DEU', ''),
(3101, 'Oberhausen', 'DEU', ''),
(3102, 'Lübeck', 'DEU', ''),
(3103, 'Hagen', 'DEU', ''),
(3104, 'Rostock', 'DEU', ''),
(3105, 'Freiburg im Breisgau', 'DEU', ''),
(3106, 'Erfurt', 'DEU', ''),
(3107, 'Kassel', 'DEU', ''),
(3108, 'Saarbrücken', 'DEU', ''),
(3109, 'Mainz', 'DEU', ''),
(3110, 'Hamm', 'DEU', ''),
(3111, 'Herne', 'DEU', ''),
(3112, 'Mülheim an der Ruhr', 'DEU', ''),
(3113, 'Solingen', 'DEU', ''),
(3114, 'Osnabrück', 'DEU', ''),
(3115, 'Ludwigshafen am Rhein', 'DEU', ''),
(3116, 'Leverkusen', 'DEU', ''),
(3117, 'Oldenburg', 'DEU', ''),
(3118, 'Neuss', 'DEU', ''),
(3119, 'Heidelberg', 'DEU', ''),
(3120, 'Darmstadt', 'DEU', ''),
(3121, 'Paderborn', 'DEU', ''),
(3122, 'Potsdam', 'DEU', ''),
(3123, 'Würzburg', 'DEU', ''),
(3124, 'Regensburg', 'DEU', ''),
(3125, 'Recklinghausen', 'DEU', ''),
(3126, 'Göttingen', 'DEU', ''),
(3127, 'Bremerhaven', 'DEU', ''),
(3128, 'Wolfsburg', 'DEU', ''),
(3129, 'Bottrop', 'DEU', ''),
(3130, 'Remscheid', 'DEU', ''),
(3131, 'Heilbronn', 'DEU', ''),
(3132, 'Pforzheim', 'DEU', ''),
(3133, 'Offenbach am Main', 'DEU', ''),
(3134, 'Ulm', 'DEU', ''),
(3135, 'Ingolstadt', 'DEU', ''),
(3136, 'Gera', 'DEU', ''),
(3137, 'Salzgitter', 'DEU', ''),
(3138, 'Cottbus', 'DEU', ''),
(3139, 'Reutlingen', 'DEU', ''),
(3140, 'Fürth', 'DEU', ''),
(3141, 'Siegen', 'DEU', ''),
(3142, 'Koblenz', 'DEU', ''),
(3143, 'Moers', 'DEU', ''),
(3144, 'Bergisch Gladbach', 'DEU', ''),
(3145, 'Zwickau', 'DEU', ''),
(3146, 'Hildesheim', 'DEU', ''),
(3147, 'Witten', 'DEU', ''),
(3148, 'Schwerin', 'DEU', ''),
(3149, 'Erlangen', 'DEU', ''),
(3150, 'Kaiserslautern', 'DEU', ''),
(3151, 'Trier', 'DEU', ''),
(3152, 'Jena', 'DEU', ''),
(3153, 'Iserlohn', 'DEU', ''),
(3154, 'Gütersloh', 'DEU', ''),
(3155, 'Marl', 'DEU', ''),
(3156, 'Lünen', 'DEU', ''),
(3157, 'Düren', 'DEU', ''),
(3158, 'Ratingen', 'DEU', ''),
(3159, 'Velbert', 'DEU', ''),
(3160, 'Esslingen am Neckar', 'DEU', ''),
(3161, 'Honiara', 'SLB', ''),
(3162, 'Lusaka', 'ZMB', ''),
(3163, 'Ndola', 'ZMB', ''),
(3164, 'Kitwe', 'ZMB', ''),
(3165, 'Kabwe', 'ZMB', ''),
(3166, 'Chingola', 'ZMB', ''),
(3167, 'Mufulira', 'ZMB', ''),
(3168, 'Luanshya', 'ZMB', ''),
(3169, 'Apia', 'WSM', ''),
(3170, 'Serravalle', 'SMR', ''),
(3171, 'San Marino', 'SMR', ''),
(3172, 'São Tomé', 'STP', ''),
(3173, 'Riyadh', 'SAU', ''),
(3174, 'Jedda', 'SAU', ''),
(3175, 'Mekka', 'SAU', ''),
(3176, 'Medina', 'SAU', ''),
(3177, 'al-Dammam', 'SAU', ''),
(3178, 'al-Taif', 'SAU', ''),
(3179, 'Tabuk', 'SAU', ''),
(3180, 'Burayda', 'SAU', ''),
(3181, 'al-Hufuf', 'SAU', ''),
(3182, 'al-Mubarraz', 'SAU', ''),
(3183, 'Khamis Mushayt', 'SAU', ''),
(3184, 'Hail', 'SAU', ''),
(3185, 'al-Kharj', 'SAU', ''),
(3186, 'al-Khubar', 'SAU', ''),
(3187, 'Jubayl', 'SAU', ''),
(3188, 'Hafar al-Batin', 'SAU', ''),
(3189, 'al-Tuqba', 'SAU', ''),
(3190, 'Yanbu', 'SAU', ''),
(3191, 'Abha', 'SAU', ''),
(3192, 'Ara´ar', 'SAU', ''),
(3193, 'al-Qatif', 'SAU', ''),
(3194, 'al-Hawiya', 'SAU', ''),
(3195, 'Unayza', 'SAU', ''),
(3196, 'Najran', 'SAU', ''),
(3197, 'Pikine', 'SEN', ''),
(3198, 'Dakar', 'SEN', ''),
(3199, 'Thiès', 'SEN', ''),
(3200, 'Kaolack', 'SEN', ''),
(3201, 'Ziguinchor', 'SEN', ''),
(3202, 'Rufisque', 'SEN', ''),
(3203, 'Saint-Louis', 'SEN', ''),
(3204, 'Mbour', 'SEN', ''),
(3205, 'Diourbel', 'SEN', ''),
(3206, 'Victoria', 'SYC', ''),
(3207, 'Freetown', 'SLE', ''),
(3208, 'Singapore', 'SGP', ''),
(3209, 'Bratislava', 'SVK', ''),
(3210, 'Košice', 'SVK', ''),
(3211, 'Prešov', 'SVK', ''),
(3212, 'Ljubljana', 'SVN', ''),
(3213, 'Maribor', 'SVN', ''),
(3214, 'Mogadishu', 'SOM', ''),
(3215, 'Hargeysa', 'SOM', ''),
(3216, 'Kismaayo', 'SOM', ''),
(3217, 'Colombo', 'LKA', ''),
(3218, 'Dehiwala', 'LKA', ''),
(3219, 'Moratuwa', 'LKA', ''),
(3220, 'Jaffna', 'LKA', ''),
(3221, 'Kandy', 'LKA', ''),
(3222, 'Sri Jayawardenepura Kotte', 'LKA', ''),
(3223, 'Negombo', 'LKA', ''),
(3224, 'Omdurman', 'SDN', ''),
(3225, 'Khartum', 'SDN', ''),
(3226, 'Sharq al-Nil', 'SDN', ''),
(3227, 'Port Sudan', 'SDN', ''),
(3228, 'Kassala', 'SDN', ''),
(3229, 'Obeid', 'SDN', ''),
(3230, 'Nyala', 'SDN', ''),
(3231, 'Wad Madani', 'SDN', ''),
(3232, 'al-Qadarif', 'SDN', ''),
(3233, 'Kusti', 'SDN', ''),
(3234, 'al-Fashir', 'SDN', ''),
(3235, 'Juba', 'SDN', ''),
(3236, 'Helsinki [Helsingfors]', 'FIN', ''),
(3237, 'Espoo', 'FIN', ''),
(3238, 'Tampere', 'FIN', ''),
(3239, 'Vantaa', 'FIN', ''),
(3240, 'Turku [Åbo]', 'FIN', ''),
(3241, 'Oulu', 'FIN', ''),
(3242, 'Lahti', 'FIN', ''),
(3243, 'Paramaribo', 'SUR', ''),
(3244, 'Mbabane', 'SWZ', ''),
(3245, 'Zürich', 'CHE', ''),
(3246, 'Geneve', 'CHE', ''),
(3247, 'Basel', 'CHE', ''),
(3248, 'Bern', 'CHE', ''),
(3249, 'Lausanne', 'CHE', ''),
(3250, 'Damascus', 'SYR', ''),
(3251, 'Aleppo', 'SYR', ''),
(3252, 'Hims', 'SYR', ''),
(3253, 'Hama', 'SYR', ''),
(3254, 'Latakia', 'SYR', ''),
(3255, 'al-Qamishliya', 'SYR', ''),
(3256, 'Dayr al-Zawr', 'SYR', ''),
(3257, 'Jaramana', 'SYR', ''),
(3258, 'Duma', 'SYR', ''),
(3259, 'al-Raqqa', 'SYR', ''),
(3260, 'Idlib', 'SYR', ''),
(3261, 'Dushanbe', 'TJK', ''),
(3262, 'Khujand', 'TJK', ''),
(3263, 'Taipei', 'TWN', ''),
(3264, 'Kaohsiung', 'TWN', ''),
(3265, 'Taichung', 'TWN', ''),
(3266, 'Tainan', 'TWN', ''),
(3267, 'Panchiao', 'TWN', ''),
(3268, 'Chungho', 'TWN', ''),
(3269, 'Keelung (Chilung)', 'TWN', ''),
(3270, 'Sanchung', 'TWN', ''),
(3271, 'Hsinchuang', 'TWN', ''),
(3272, 'Hsinchu', 'TWN', ''),
(3273, 'Chungli', 'TWN', ''),
(3274, 'Fengshan', 'TWN', ''),
(3275, 'Taoyuan', 'TWN', ''),
(3276, 'Chiayi', 'TWN', ''),
(3277, 'Hsintien', 'TWN', ''),
(3278, 'Changhwa', 'TWN', ''),
(3279, 'Yungho', 'TWN', ''),
(3280, 'Tucheng', 'TWN', ''),
(3281, 'Pingtung', 'TWN', ''),
(3282, 'Yungkang', 'TWN', ''),
(3283, 'Pingchen', 'TWN', ''),
(3284, 'Tali', 'TWN', ''),
(3285, 'Taiping', 'TWN', ''),
(3286, 'Pate', 'TWN', ''),
(3287, 'Fengyuan', 'TWN', ''),
(3288, 'Luchou', 'TWN', ''),
(3289, 'Hsichuh', 'TWN', ''),
(3290, 'Shulin', 'TWN', ''),
(3291, 'Yuanlin', 'TWN', ''),
(3292, 'Yangmei', 'TWN', ''),
(3293, 'Taliao', 'TWN', ''),
(3294, 'Kueishan', 'TWN', ''),
(3295, 'Tanshui', 'TWN', ''),
(3296, 'Taitung', 'TWN', ''),
(3297, 'Hualien', 'TWN', ''),
(3298, 'Nantou', 'TWN', ''),
(3299, 'Lungtan', 'TWN', ''),
(3300, 'Touliu', 'TWN', ''),
(3301, 'Tsaotun', 'TWN', ''),
(3302, 'Kangshan', 'TWN', ''),
(3303, 'Ilan', 'TWN', ''),
(3304, 'Miaoli', 'TWN', ''),
(3305, 'Dar es Salaam', 'TZA', ''),
(3306, 'Dodoma', 'TZA', ''),
(3307, 'Mwanza', 'TZA', ''),
(3308, 'Zanzibar', 'TZA', ''),
(3309, 'Tanga', 'TZA', ''),
(3310, 'Mbeya', 'TZA', ''),
(3311, 'Morogoro', 'TZA', ''),
(3312, 'Arusha', 'TZA', ''),
(3313, 'Moshi', 'TZA', ''),
(3314, 'Tabora', 'TZA', ''),
(3315, 'København', 'DNK', ''),
(3316, 'Århus', 'DNK', ''),
(3317, 'Odense', 'DNK', ''),
(3318, 'Aalborg', 'DNK', ''),
(3319, 'Frederiksberg', 'DNK', ''),
(3320, 'Bangkok', 'THA', ''),
(3321, 'Nonthaburi', 'THA', ''),
(3322, 'Nakhon Ratchasima', 'THA', ''),
(3323, 'Chiang Mai', 'THA', ''),
(3324, 'Udon Thani', 'THA', ''),
(3325, 'Hat Yai', 'THA', ''),
(3326, 'Khon Kaen', 'THA', ''),
(3327, 'Pak Kret', 'THA', ''),
(3328, 'Nakhon Sawan', 'THA', ''),
(3329, 'Ubon Ratchathani', 'THA', ''),
(3330, 'Songkhla', 'THA', '');
INSERT INTO `City` (`ID`, `Name`, `CountryCode`, `Description`) VALUES
(3331, 'Nakhon Pathom', 'THA', ''),
(3332, 'Lomé', 'TGO', ''),
(3333, 'Fakaofo', 'TKL', ''),
(3334, 'Nuku´alofa', 'TON', ''),
(3335, 'Chaguanas', 'TTO', ''),
(3336, 'Port-of-Spain', 'TTO', ''),
(3337, 'N´Djaména', 'TCD', ''),
(3338, 'Moundou', 'TCD', ''),
(3339, 'Praha', 'CZE', ''),
(3340, 'Brno', 'CZE', ''),
(3341, 'Ostrava', 'CZE', ''),
(3342, 'Plzen', 'CZE', ''),
(3343, 'Olomouc', 'CZE', ''),
(3344, 'Liberec', 'CZE', ''),
(3345, 'Ceské Budejovice', 'CZE', ''),
(3346, 'Hradec Králové', 'CZE', ''),
(3347, 'Ústí nad Labem', 'CZE', ''),
(3348, 'Pardubice', 'CZE', ''),
(3349, 'Tunis', 'TUN', ''),
(3350, 'Sfax', 'TUN', ''),
(3351, 'Ariana', 'TUN', ''),
(3352, 'Ettadhamen', 'TUN', ''),
(3353, 'Sousse', 'TUN', ''),
(3354, 'Kairouan', 'TUN', ''),
(3355, 'Biserta', 'TUN', ''),
(3356, 'Gabès', 'TUN', ''),
(3357, 'Istanbul', 'TUR', ''),
(3358, 'Ankara', 'TUR', ''),
(3359, 'Izmir', 'TUR', ''),
(3360, 'Adana', 'TUR', ''),
(3361, 'Bursa', 'TUR', ''),
(3362, 'Gaziantep', 'TUR', ''),
(3363, 'Konya', 'TUR', ''),
(3364, 'Mersin (Içel)', 'TUR', ''),
(3365, 'Antalya', 'TUR', ''),
(3366, 'Diyarbakir', 'TUR', ''),
(3367, 'Kayseri', 'TUR', ''),
(3368, 'Eskisehir', 'TUR', ''),
(3369, 'Sanliurfa', 'TUR', ''),
(3370, 'Samsun', 'TUR', ''),
(3371, 'Malatya', 'TUR', ''),
(3372, 'Gebze', 'TUR', ''),
(3373, 'Denizli', 'TUR', ''),
(3374, 'Sivas', 'TUR', ''),
(3375, 'Erzurum', 'TUR', ''),
(3376, 'Tarsus', 'TUR', ''),
(3377, 'Kahramanmaras', 'TUR', ''),
(3378, 'Elâzig', 'TUR', ''),
(3379, 'Van', 'TUR', ''),
(3380, 'Sultanbeyli', 'TUR', ''),
(3381, 'Izmit (Kocaeli)', 'TUR', ''),
(3382, 'Manisa', 'TUR', ''),
(3383, 'Batman', 'TUR', ''),
(3384, 'Balikesir', 'TUR', ''),
(3385, 'Sakarya (Adapazari)', 'TUR', ''),
(3386, 'Iskenderun', 'TUR', ''),
(3387, 'Osmaniye', 'TUR', ''),
(3388, 'Çorum', 'TUR', ''),
(3389, 'Kütahya', 'TUR', ''),
(3390, 'Hatay (Antakya)', 'TUR', ''),
(3391, 'Kirikkale', 'TUR', ''),
(3392, 'Adiyaman', 'TUR', ''),
(3393, 'Trabzon', 'TUR', ''),
(3394, 'Ordu', 'TUR', ''),
(3395, 'Aydin', 'TUR', ''),
(3396, 'Usak', 'TUR', ''),
(3397, 'Edirne', 'TUR', ''),
(3398, 'Çorlu', 'TUR', ''),
(3399, 'Isparta', 'TUR', ''),
(3400, 'Karabük', 'TUR', ''),
(3401, 'Kilis', 'TUR', ''),
(3402, 'Alanya', 'TUR', ''),
(3403, 'Kiziltepe', 'TUR', ''),
(3404, 'Zonguldak', 'TUR', ''),
(3405, 'Siirt', 'TUR', ''),
(3406, 'Viransehir', 'TUR', ''),
(3407, 'Tekirdag', 'TUR', ''),
(3408, 'Karaman', 'TUR', ''),
(3409, 'Afyon', 'TUR', ''),
(3410, 'Aksaray', 'TUR', ''),
(3411, 'Ceyhan', 'TUR', ''),
(3412, 'Erzincan', 'TUR', ''),
(3413, 'Bismil', 'TUR', ''),
(3414, 'Nazilli', 'TUR', ''),
(3415, 'Tokat', 'TUR', ''),
(3416, 'Kars', 'TUR', ''),
(3417, 'Inegöl', 'TUR', ''),
(3418, 'Bandirma', 'TUR', ''),
(3419, 'Ashgabat', 'TKM', ''),
(3420, 'Chärjew', 'TKM', ''),
(3421, 'Dashhowuz', 'TKM', ''),
(3422, 'Mary', 'TKM', ''),
(3423, 'Cockburn Town', 'TCA', ''),
(3424, 'Funafuti', 'TUV', ''),
(3425, 'Kampala', 'UGA', ''),
(3426, 'Kyiv', 'UKR', ''),
(3427, 'Harkova [Harkiv]', 'UKR', ''),
(3428, 'Dnipropetrovsk', 'UKR', ''),
(3429, 'Donetsk', 'UKR', ''),
(3430, 'Odesa', 'UKR', ''),
(3431, 'Zaporizzja', 'UKR', ''),
(3432, 'Lviv', 'UKR', ''),
(3433, 'Kryvyi Rig', 'UKR', ''),
(3434, 'Mykolajiv', 'UKR', ''),
(3435, 'Mariupol', 'UKR', ''),
(3436, 'Lugansk', 'UKR', ''),
(3437, 'Vinnytsja', 'UKR', ''),
(3438, 'Makijivka', 'UKR', ''),
(3439, 'Herson', 'UKR', ''),
(3440, 'Sevastopol', 'UKR', ''),
(3441, 'Simferopol', 'UKR', ''),
(3442, 'Pultava [Poltava]', 'UKR', ''),
(3443, 'Tšernigiv', 'UKR', ''),
(3444, 'Tšerkasy', 'UKR', ''),
(3445, 'Gorlivka', 'UKR', ''),
(3446, 'Zytomyr', 'UKR', ''),
(3447, 'Sumy', 'UKR', ''),
(3448, 'Dniprodzerzynsk', 'UKR', ''),
(3449, 'Kirovograd', 'UKR', ''),
(3450, 'Hmelnytskyi', 'UKR', ''),
(3451, 'Tšernivtsi', 'UKR', ''),
(3452, 'Rivne', 'UKR', ''),
(3453, 'Krementšuk', 'UKR', ''),
(3454, 'Ivano-Frankivsk', 'UKR', ''),
(3455, 'Ternopil', 'UKR', ''),
(3456, 'Lutsk', 'UKR', ''),
(3457, 'Bila Tserkva', 'UKR', ''),
(3458, 'Kramatorsk', 'UKR', ''),
(3459, 'Melitopol', 'UKR', ''),
(3460, 'Kertš', 'UKR', ''),
(3461, 'Nikopol', 'UKR', ''),
(3462, 'Berdjansk', 'UKR', ''),
(3463, 'Pavlograd', 'UKR', ''),
(3464, 'Sjeverodonetsk', 'UKR', ''),
(3465, 'Slovjansk', 'UKR', ''),
(3466, 'Uzgorod', 'UKR', ''),
(3467, 'Altševsk', 'UKR', ''),
(3468, 'Lysytšansk', 'UKR', ''),
(3469, 'Jevpatorija', 'UKR', ''),
(3470, 'Kamjanets-Podilskyi', 'UKR', ''),
(3471, 'Jenakijeve', 'UKR', ''),
(3472, 'Krasnyi Lutš', 'UKR', ''),
(3473, 'Stahanov', 'UKR', ''),
(3474, 'Oleksandrija', 'UKR', ''),
(3475, 'Konotop', 'UKR', ''),
(3476, 'Kostjantynivka', 'UKR', ''),
(3477, 'Berdytšiv', 'UKR', ''),
(3478, 'Izmajil', 'UKR', ''),
(3479, 'Šostka', 'UKR', ''),
(3480, 'Uman', 'UKR', ''),
(3481, 'Brovary', 'UKR', ''),
(3482, 'Mukatševe', 'UKR', ''),
(3483, 'Budapest', 'HUN', ''),
(3484, 'Debrecen', 'HUN', ''),
(3485, 'Miskolc', 'HUN', ''),
(3486, 'Szeged', 'HUN', ''),
(3487, 'Pécs', 'HUN', ''),
(3488, 'Györ', 'HUN', ''),
(3489, 'Nyiregyháza', 'HUN', ''),
(3490, 'Kecskemét', 'HUN', ''),
(3491, 'Székesfehérvár', 'HUN', ''),
(3492, 'Montevideo', 'URY', ''),
(3493, 'Nouméa', 'NCL', ''),
(3494, 'Auckland', 'NZL', ''),
(3495, 'Christchurch', 'NZL', ''),
(3496, 'Manukau', 'NZL', ''),
(3497, 'North Shore', 'NZL', ''),
(3498, 'Waitakere', 'NZL', ''),
(3499, 'Wellington', 'NZL', ''),
(3500, 'Dunedin', 'NZL', ''),
(3501, 'Hamilton', 'NZL', ''),
(3502, 'Lower Hutt', 'NZL', ''),
(3503, 'Toskent', 'UZB', ''),
(3504, 'Namangan', 'UZB', ''),
(3505, 'Samarkand', 'UZB', ''),
(3506, 'Andijon', 'UZB', ''),
(3507, 'Buhoro', 'UZB', ''),
(3508, 'Karsi', 'UZB', ''),
(3509, 'Nukus', 'UZB', ''),
(3510, 'Kükon', 'UZB', ''),
(3511, 'Fargona', 'UZB', ''),
(3512, 'Circik', 'UZB', ''),
(3513, 'Margilon', 'UZB', ''),
(3514, 'Ürgenc', 'UZB', ''),
(3515, 'Angren', 'UZB', ''),
(3516, 'Cizah', 'UZB', ''),
(3517, 'Navoi', 'UZB', ''),
(3518, 'Olmalik', 'UZB', ''),
(3519, 'Termiz', 'UZB', ''),
(3520, 'Minsk', 'BLR', ''),
(3521, 'Gomel', 'BLR', ''),
(3522, 'Mogiljov', 'BLR', ''),
(3523, 'Vitebsk', 'BLR', ''),
(3524, 'Grodno', 'BLR', ''),
(3525, 'Brest', 'BLR', ''),
(3526, 'Bobruisk', 'BLR', ''),
(3527, 'Baranovitši', 'BLR', ''),
(3528, 'Borisov', 'BLR', ''),
(3529, 'Pinsk', 'BLR', ''),
(3530, 'Orša', 'BLR', ''),
(3531, 'Mozyr', 'BLR', ''),
(3532, 'Novopolotsk', 'BLR', ''),
(3533, 'Lida', 'BLR', ''),
(3534, 'Soligorsk', 'BLR', ''),
(3535, 'Molodetšno', 'BLR', ''),
(3536, 'Mata-Utu', 'WLF', ''),
(3537, 'Port-Vila', 'VUT', ''),
(3538, 'Città del Vaticano', 'VAT', ''),
(3539, 'Caracas', 'VEN', ''),
(3540, 'Maracaíbo', 'VEN', ''),
(3541, 'Barquisimeto', 'VEN', ''),
(3542, 'Valencia', 'VEN', ''),
(3543, 'Ciudad Guayana', 'VEN', ''),
(3544, 'Petare', 'VEN', ''),
(3545, 'Maracay', 'VEN', ''),
(3546, 'Barcelona', 'VEN', ''),
(3547, 'Maturín', 'VEN', ''),
(3548, 'San Cristóbal', 'VEN', ''),
(3549, 'Ciudad Bolívar', 'VEN', ''),
(3550, 'Cumaná', 'VEN', ''),
(3551, 'Mérida', 'VEN', ''),
(3552, 'Cabimas', 'VEN', ''),
(3553, 'Barinas', 'VEN', ''),
(3554, 'Turmero', 'VEN', ''),
(3555, 'Baruta', 'VEN', ''),
(3556, 'Puerto Cabello', 'VEN', ''),
(3557, 'Santa Ana de Coro', 'VEN', ''),
(3558, 'Los Teques', 'VEN', ''),
(3559, 'Punto Fijo', 'VEN', ''),
(3560, 'Guarenas', 'VEN', ''),
(3561, 'Acarigua', 'VEN', ''),
(3562, 'Puerto La Cruz', 'VEN', ''),
(3563, 'Ciudad Losada', 'VEN', ''),
(3564, 'Guacara', 'VEN', ''),
(3565, 'Valera', 'VEN', ''),
(3566, 'Guanare', 'VEN', ''),
(3567, 'Carúpano', 'VEN', ''),
(3568, 'Catia La Mar', 'VEN', ''),
(3569, 'El Tigre', 'VEN', ''),
(3570, 'Guatire', 'VEN', ''),
(3571, 'Calabozo', 'VEN', ''),
(3572, 'Pozuelos', 'VEN', ''),
(3573, 'Ciudad Ojeda', 'VEN', ''),
(3574, 'Ocumare del Tuy', 'VEN', ''),
(3575, 'Valle de la Pascua', 'VEN', ''),
(3576, 'Araure', 'VEN', ''),
(3577, 'San Fernando de Apure', 'VEN', ''),
(3578, 'San Felipe', 'VEN', ''),
(3579, 'El Limón', 'VEN', ''),
(3580, 'Moscow', 'RUS', ''),
(3581, 'St Petersburg', 'RUS', ''),
(3582, 'Novosibirsk', 'RUS', ''),
(3583, 'Nizni Novgorod', 'RUS', ''),
(3584, 'Jekaterinburg', 'RUS', ''),
(3585, 'Samara', 'RUS', ''),
(3586, 'Omsk', 'RUS', ''),
(3587, 'Kazan', 'RUS', ''),
(3588, 'Ufa', 'RUS', ''),
(3589, 'Tšeljabinsk', 'RUS', ''),
(3590, 'Rostov-na-Donu', 'RUS', ''),
(3591, 'Perm', 'RUS', ''),
(3592, 'Volgograd', 'RUS', ''),
(3593, 'Voronez', 'RUS', ''),
(3594, 'Krasnojarsk', 'RUS', ''),
(3595, 'Saratov', 'RUS', ''),
(3596, 'Toljatti', 'RUS', ''),
(3597, 'Uljanovsk', 'RUS', ''),
(3598, 'Izevsk', 'RUS', ''),
(3599, 'Krasnodar', 'RUS', ''),
(3600, 'Jaroslavl', 'RUS', ''),
(3601, 'Habarovsk', 'RUS', ''),
(3602, 'Vladivostok', 'RUS', ''),
(3603, 'Irkutsk', 'RUS', ''),
(3604, 'Barnaul', 'RUS', ''),
(3605, 'Novokuznetsk', 'RUS', ''),
(3606, 'Penza', 'RUS', ''),
(3607, 'Rjazan', 'RUS', ''),
(3608, 'Orenburg', 'RUS', ''),
(3609, 'Lipetsk', 'RUS', ''),
(3610, 'Nabereznyje Tšelny', 'RUS', ''),
(3611, 'Tula', 'RUS', ''),
(3612, 'Tjumen', 'RUS', ''),
(3613, 'Kemerovo', 'RUS', ''),
(3614, 'Astrahan', 'RUS', ''),
(3615, 'Tomsk', 'RUS', ''),
(3616, 'Kirov', 'RUS', ''),
(3617, 'Ivanovo', 'RUS', ''),
(3618, 'Tšeboksary', 'RUS', ''),
(3619, 'Brjansk', 'RUS', ''),
(3620, 'Tver', 'RUS', ''),
(3621, 'Kursk', 'RUS', ''),
(3622, 'Magnitogorsk', 'RUS', ''),
(3623, 'Kaliningrad', 'RUS', ''),
(3624, 'Nizni Tagil', 'RUS', ''),
(3625, 'Murmansk', 'RUS', ''),
(3626, 'Ulan-Ude', 'RUS', ''),
(3627, 'Kurgan', 'RUS', ''),
(3628, 'Arkangeli', 'RUS', ''),
(3629, 'Sotši', 'RUS', ''),
(3630, 'Smolensk', 'RUS', ''),
(3631, 'Orjol', 'RUS', ''),
(3632, 'Stavropol', 'RUS', ''),
(3633, 'Belgorod', 'RUS', ''),
(3634, 'Kaluga', 'RUS', ''),
(3635, 'Vladimir', 'RUS', ''),
(3636, 'Mahatškala', 'RUS', ''),
(3637, 'Tšerepovets', 'RUS', ''),
(3638, 'Saransk', 'RUS', ''),
(3639, 'Tambov', 'RUS', ''),
(3640, 'Vladikavkaz', 'RUS', ''),
(3641, 'Tšita', 'RUS', ''),
(3642, 'Vologda', 'RUS', ''),
(3643, 'Veliki Novgorod', 'RUS', ''),
(3644, 'Komsomolsk-na-Amure', 'RUS', ''),
(3645, 'Kostroma', 'RUS', ''),
(3646, 'Volzski', 'RUS', ''),
(3647, 'Taganrog', 'RUS', ''),
(3648, 'Petroskoi', 'RUS', ''),
(3649, 'Bratsk', 'RUS', ''),
(3650, 'Dzerzinsk', 'RUS', ''),
(3651, 'Surgut', 'RUS', ''),
(3652, 'Orsk', 'RUS', ''),
(3653, 'Sterlitamak', 'RUS', ''),
(3654, 'Angarsk', 'RUS', ''),
(3655, 'Joškar-Ola', 'RUS', ''),
(3656, 'Rybinsk', 'RUS', ''),
(3657, 'Prokopjevsk', 'RUS', ''),
(3658, 'Niznevartovsk', 'RUS', ''),
(3659, 'Naltšik', 'RUS', ''),
(3660, 'Syktyvkar', 'RUS', ''),
(3661, 'Severodvinsk', 'RUS', ''),
(3662, 'Bijsk', 'RUS', ''),
(3663, 'Niznekamsk', 'RUS', ''),
(3664, 'Blagoveštšensk', 'RUS', ''),
(3665, 'Šahty', 'RUS', ''),
(3666, 'Staryi Oskol', 'RUS', ''),
(3667, 'Zelenograd', 'RUS', ''),
(3668, 'Balakovo', 'RUS', ''),
(3669, 'Novorossijsk', 'RUS', ''),
(3670, 'Pihkova', 'RUS', ''),
(3671, 'Zlatoust', 'RUS', ''),
(3672, 'Jakutsk', 'RUS', ''),
(3673, 'Podolsk', 'RUS', ''),
(3674, 'Petropavlovsk-Kamtšatski', 'RUS', ''),
(3675, 'Kamensk-Uralski', 'RUS', ''),
(3676, 'Engels', 'RUS', ''),
(3677, 'Syzran', 'RUS', ''),
(3678, 'Grozny', 'RUS', ''),
(3679, 'Novotšerkassk', 'RUS', ''),
(3680, 'Berezniki', 'RUS', ''),
(3681, 'Juzno-Sahalinsk', 'RUS', ''),
(3682, 'Volgodonsk', 'RUS', ''),
(3683, 'Abakan', 'RUS', ''),
(3684, 'Maikop', 'RUS', ''),
(3685, 'Miass', 'RUS', ''),
(3686, 'Armavir', 'RUS', ''),
(3687, 'Ljubertsy', 'RUS', ''),
(3688, 'Rubtsovsk', 'RUS', ''),
(3689, 'Kovrov', 'RUS', ''),
(3690, 'Nahodka', 'RUS', ''),
(3691, 'Ussurijsk', 'RUS', ''),
(3692, 'Salavat', 'RUS', ''),
(3693, 'Mytištši', 'RUS', ''),
(3694, 'Kolomna', 'RUS', ''),
(3695, 'Elektrostal', 'RUS', ''),
(3696, 'Murom', 'RUS', ''),
(3697, 'Kolpino', 'RUS', ''),
(3698, 'Norilsk', 'RUS', ''),
(3699, 'Almetjevsk', 'RUS', ''),
(3700, 'Novomoskovsk', 'RUS', ''),
(3701, 'Dimitrovgrad', 'RUS', ''),
(3702, 'Pervouralsk', 'RUS', ''),
(3703, 'Himki', 'RUS', ''),
(3704, 'Balašiha', 'RUS', ''),
(3705, 'Nevinnomyssk', 'RUS', ''),
(3706, 'Pjatigorsk', 'RUS', ''),
(3707, 'Korolev', 'RUS', ''),
(3708, 'Serpuhov', 'RUS', ''),
(3709, 'Odintsovo', 'RUS', ''),
(3710, 'Orehovo-Zujevo', 'RUS', ''),
(3711, 'Kamyšin', 'RUS', ''),
(3712, 'Novotšeboksarsk', 'RUS', ''),
(3713, 'Tšerkessk', 'RUS', ''),
(3714, 'Atšinsk', 'RUS', ''),
(3715, 'Magadan', 'RUS', ''),
(3716, 'Mitšurinsk', 'RUS', ''),
(3717, 'Kislovodsk', 'RUS', ''),
(3718, 'Jelets', 'RUS', ''),
(3719, 'Seversk', 'RUS', ''),
(3720, 'Noginsk', 'RUS', ''),
(3721, 'Velikije Luki', 'RUS', ''),
(3722, 'Novokuibyševsk', 'RUS', ''),
(3723, 'Neftekamsk', 'RUS', ''),
(3724, 'Leninsk-Kuznetski', 'RUS', ''),
(3725, 'Oktjabrski', 'RUS', ''),
(3726, 'Sergijev Posad', 'RUS', ''),
(3727, 'Arzamas', 'RUS', ''),
(3728, 'Kiseljovsk', 'RUS', ''),
(3729, 'Novotroitsk', 'RUS', ''),
(3730, 'Obninsk', 'RUS', ''),
(3731, 'Kansk', 'RUS', ''),
(3732, 'Glazov', 'RUS', ''),
(3733, 'Solikamsk', 'RUS', ''),
(3734, 'Sarapul', 'RUS', ''),
(3735, 'Ust-Ilimsk', 'RUS', ''),
(3736, 'Štšolkovo', 'RUS', ''),
(3737, 'Mezduretšensk', 'RUS', ''),
(3738, 'Usolje-Sibirskoje', 'RUS', ''),
(3739, 'Elista', 'RUS', ''),
(3740, 'Novošahtinsk', 'RUS', ''),
(3741, 'Votkinsk', 'RUS', ''),
(3742, 'Kyzyl', 'RUS', ''),
(3743, 'Serov', 'RUS', ''),
(3744, 'Zelenodolsk', 'RUS', ''),
(3745, 'Zeleznodoroznyi', 'RUS', ''),
(3746, 'Kinešma', 'RUS', ''),
(3747, 'Kuznetsk', 'RUS', ''),
(3748, 'Uhta', 'RUS', ''),
(3749, 'Jessentuki', 'RUS', ''),
(3750, 'Tobolsk', 'RUS', ''),
(3751, 'Neftejugansk', 'RUS', ''),
(3752, 'Bataisk', 'RUS', ''),
(3753, 'Nojabrsk', 'RUS', ''),
(3754, 'Balašov', 'RUS', ''),
(3755, 'Zeleznogorsk', 'RUS', ''),
(3756, 'Zukovski', 'RUS', ''),
(3757, 'Anzero-Sudzensk', 'RUS', ''),
(3758, 'Bugulma', 'RUS', ''),
(3759, 'Zeleznogorsk', 'RUS', ''),
(3760, 'Novouralsk', 'RUS', ''),
(3761, 'Puškin', 'RUS', ''),
(3762, 'Vorkuta', 'RUS', ''),
(3763, 'Derbent', 'RUS', ''),
(3764, 'Kirovo-Tšepetsk', 'RUS', ''),
(3765, 'Krasnogorsk', 'RUS', ''),
(3766, 'Klin', 'RUS', ''),
(3767, 'Tšaikovski', 'RUS', ''),
(3768, 'Novyi Urengoi', 'RUS', ''),
(3769, 'Ho Chi Minh City', 'VNM', ''),
(3770, 'Hanoi', 'VNM', ''),
(3771, 'Haiphong', 'VNM', ''),
(3772, 'Da Nang', 'VNM', ''),
(3773, 'Biên Hoa', 'VNM', ''),
(3774, 'Nha Trang', 'VNM', ''),
(3775, 'Hue', 'VNM', ''),
(3776, 'Can Tho', 'VNM', ''),
(3777, 'Cam Pha', 'VNM', ''),
(3778, 'Nam Dinh', 'VNM', ''),
(3779, 'Quy Nhon', 'VNM', ''),
(3780, 'Vung Tau', 'VNM', ''),
(3781, 'Rach Gia', 'VNM', ''),
(3782, 'Long Xuyen', 'VNM', ''),
(3783, 'Thai Nguyen', 'VNM', ''),
(3784, 'Hong Gai', 'VNM', ''),
(3785, 'Phan Thiêt', 'VNM', ''),
(3786, 'Cam Ranh', 'VNM', ''),
(3787, 'Vinh', 'VNM', ''),
(3788, 'My Tho', 'VNM', ''),
(3789, 'Da Lat', 'VNM', ''),
(3790, 'Buon Ma Thuot', 'VNM', ''),
(3791, 'Tallinn', 'EST', ''),
(3792, 'Tartu', 'EST', ''),
(3793, 'New York', 'USA', ''),
(3794, 'Los Angeles', 'USA', ''),
(3795, 'Chicago', 'USA', ''),
(3796, 'Houston', 'USA', ''),
(3797, 'Philadelphia', 'USA', ''),
(3798, 'Phoenix', 'USA', ''),
(3799, 'San Diego', 'USA', ''),
(3800, 'Dallas', 'USA', ''),
(3801, 'San Antonio', 'USA', ''),
(3802, 'Detroit', 'USA', ''),
(3803, 'San Jose', 'USA', ''),
(3804, 'Indianapolis', 'USA', ''),
(3805, 'San Francisco', 'USA', ''),
(3806, 'Jacksonville', 'USA', ''),
(3807, 'Columbus', 'USA', ''),
(3808, 'Austin', 'USA', ''),
(3809, 'Baltimore', 'USA', ''),
(3810, 'Memphis', 'USA', ''),
(3811, 'Milwaukee', 'USA', ''),
(3812, 'Boston', 'USA', ''),
(3813, 'Washington', 'USA', ''),
(3814, 'Nashville-Davidson', 'USA', ''),
(3815, 'El Paso', 'USA', ''),
(3816, 'Seattle', 'USA', ''),
(3817, 'Denver', 'USA', ''),
(3818, 'Charlotte', 'USA', ''),
(3819, 'Fort Worth', 'USA', ''),
(3820, 'Portland', 'USA', ''),
(3821, 'Oklahoma City', 'USA', ''),
(3822, 'Tucson', 'USA', ''),
(3823, 'New Orleans', 'USA', ''),
(3824, 'Las Vegas', 'USA', ''),
(3825, 'Cleveland', 'USA', ''),
(3826, 'Long Beach', 'USA', ''),
(3827, 'Albuquerque', 'USA', ''),
(3828, 'Kansas City', 'USA', ''),
(3829, 'Fresno', 'USA', ''),
(3830, 'Virginia Beach', 'USA', ''),
(3831, 'Atlanta', 'USA', ''),
(3832, 'Sacramento', 'USA', ''),
(3833, 'Oakland', 'USA', ''),
(3834, 'Mesa', 'USA', ''),
(3835, 'Tulsa', 'USA', ''),
(3836, 'Omaha', 'USA', ''),
(3837, 'Minneapolis', 'USA', ''),
(3838, 'Honolulu', 'USA', ''),
(3839, 'Miami', 'USA', ''),
(3840, 'Colorado Springs', 'USA', ''),
(3841, 'Saint Louis', 'USA', ''),
(3842, 'Wichita', 'USA', ''),
(3843, 'Santa Ana', 'USA', ''),
(3844, 'Pittsburgh', 'USA', ''),
(3845, 'Arlington', 'USA', ''),
(3846, 'Cincinnati', 'USA', ''),
(3847, 'Anaheim', 'USA', ''),
(3848, 'Toledo', 'USA', ''),
(3849, 'Tampa', 'USA', ''),
(3850, 'Buffalo', 'USA', ''),
(3851, 'Saint Paul', 'USA', ''),
(3852, 'Corpus Christi', 'USA', ''),
(3853, 'Aurora', 'USA', ''),
(3854, 'Raleigh', 'USA', ''),
(3855, 'Newark', 'USA', ''),
(3856, 'Lexington-Fayette', 'USA', ''),
(3857, 'Anchorage', 'USA', ''),
(3858, 'Louisville', 'USA', ''),
(3859, 'Riverside', 'USA', ''),
(3860, 'Saint Petersburg', 'USA', ''),
(3861, 'Bakersfield', 'USA', ''),
(3862, 'Stockton', 'USA', ''),
(3863, 'Birmingham', 'USA', ''),
(3864, 'Jersey City', 'USA', ''),
(3865, 'Norfolk', 'USA', ''),
(3866, 'Baton Rouge', 'USA', ''),
(3867, 'Hialeah', 'USA', ''),
(3868, 'Lincoln', 'USA', ''),
(3869, 'Greensboro', 'USA', ''),
(3870, 'Plano', 'USA', ''),
(3871, 'Rochester', 'USA', ''),
(3872, 'Glendale', 'USA', ''),
(3873, 'Akron', 'USA', ''),
(3874, 'Garland', 'USA', ''),
(3875, 'Madison', 'USA', ''),
(3876, 'Fort Wayne', 'USA', ''),
(3877, 'Fremont', 'USA', ''),
(3878, 'Scottsdale', 'USA', ''),
(3879, 'Montgomery', 'USA', ''),
(3880, 'Shreveport', 'USA', ''),
(3881, 'Augusta-Richmond County', 'USA', ''),
(3882, 'Lubbock', 'USA', ''),
(3883, 'Chesapeake', 'USA', ''),
(3884, 'Mobile', 'USA', ''),
(3885, 'Des Moines', 'USA', ''),
(3886, 'Grand Rapids', 'USA', ''),
(3887, 'Richmond', 'USA', ''),
(3888, 'Yonkers', 'USA', ''),
(3889, 'Spokane', 'USA', ''),
(3890, 'Glendale', 'USA', ''),
(3891, 'Tacoma', 'USA', ''),
(3892, 'Irving', 'USA', ''),
(3893, 'Huntington Beach', 'USA', ''),
(3894, 'Modesto', 'USA', ''),
(3895, 'Durham', 'USA', ''),
(3896, 'Columbus', 'USA', ''),
(3897, 'Orlando', 'USA', ''),
(3898, 'Boise City', 'USA', ''),
(3899, 'Winston-Salem', 'USA', ''),
(3900, 'San Bernardino', 'USA', ''),
(3901, 'Jackson', 'USA', ''),
(3902, 'Little Rock', 'USA', ''),
(3903, 'Salt Lake City', 'USA', ''),
(3904, 'Reno', 'USA', ''),
(3905, 'Newport News', 'USA', ''),
(3906, 'Chandler', 'USA', ''),
(3907, 'Laredo', 'USA', ''),
(3908, 'Henderson', 'USA', ''),
(3909, 'Arlington', 'USA', ''),
(3910, 'Knoxville', 'USA', ''),
(3911, 'Amarillo', 'USA', ''),
(3912, 'Providence', 'USA', ''),
(3913, 'Chula Vista', 'USA', ''),
(3914, 'Worcester', 'USA', ''),
(3915, 'Oxnard', 'USA', ''),
(3916, 'Dayton', 'USA', ''),
(3917, 'Garden Grove', 'USA', ''),
(3918, 'Oceanside', 'USA', ''),
(3919, 'Tempe', 'USA', ''),
(3920, 'Huntsville', 'USA', ''),
(3921, 'Ontario', 'USA', ''),
(3922, 'Chattanooga', 'USA', ''),
(3923, 'Fort Lauderdale', 'USA', ''),
(3924, 'Springfield', 'USA', ''),
(3925, 'Springfield', 'USA', ''),
(3926, 'Santa Clarita', 'USA', ''),
(3927, 'Salinas', 'USA', ''),
(3928, 'Tallahassee', 'USA', ''),
(3929, 'Rockford', 'USA', ''),
(3930, 'Pomona', 'USA', ''),
(3931, 'Metairie', 'USA', ''),
(3932, 'Paterson', 'USA', ''),
(3933, 'Overland Park', 'USA', ''),
(3934, 'Santa Rosa', 'USA', ''),
(3935, 'Syracuse', 'USA', ''),
(3936, 'Kansas City', 'USA', ''),
(3937, 'Hampton', 'USA', ''),
(3938, 'Lakewood', 'USA', ''),
(3939, 'Vancouver', 'USA', ''),
(3940, 'Irvine', 'USA', ''),
(3941, 'Aurora', 'USA', ''),
(3942, 'Moreno Valley', 'USA', ''),
(3943, 'Pasadena', 'USA', ''),
(3944, 'Hayward', 'USA', ''),
(3945, 'Brownsville', 'USA', ''),
(3946, 'Bridgeport', 'USA', ''),
(3947, 'Hollywood', 'USA', ''),
(3948, 'Warren', 'USA', ''),
(3949, 'Torrance', 'USA', ''),
(3950, 'Eugene', 'USA', ''),
(3951, 'Pembroke Pines', 'USA', ''),
(3952, 'Salem', 'USA', ''),
(3953, 'Pasadena', 'USA', ''),
(3954, 'Escondido', 'USA', ''),
(3955, 'Sunnyvale', 'USA', ''),
(3956, 'Savannah', 'USA', ''),
(3957, 'Fontana', 'USA', ''),
(3958, 'Orange', 'USA', ''),
(3959, 'Naperville', 'USA', ''),
(3960, 'Alexandria', 'USA', ''),
(3961, 'Rancho Cucamonga', 'USA', ''),
(3962, 'Grand Prairie', 'USA', ''),
(3963, 'East Los Angeles', 'USA', ''),
(3964, 'Fullerton', 'USA', ''),
(3965, 'Corona', 'USA', ''),
(3966, 'Flint', 'USA', ''),
(3967, 'Paradise', 'USA', ''),
(3968, 'Mesquite', 'USA', ''),
(3969, 'Sterling Heights', 'USA', ''),
(3970, 'Sioux Falls', 'USA', ''),
(3971, 'New Haven', 'USA', ''),
(3972, 'Topeka', 'USA', ''),
(3973, 'Concord', 'USA', ''),
(3974, 'Evansville', 'USA', ''),
(3975, 'Hartford', 'USA', ''),
(3976, 'Fayetteville', 'USA', ''),
(3977, 'Cedar Rapids', 'USA', ''),
(3978, 'Elizabeth', 'USA', ''),
(3979, 'Lansing', 'USA', ''),
(3980, 'Lancaster', 'USA', ''),
(3981, 'Fort Collins', 'USA', ''),
(3982, 'Coral Springs', 'USA', ''),
(3983, 'Stamford', 'USA', ''),
(3984, 'Thousand Oaks', 'USA', ''),
(3985, 'Vallejo', 'USA', ''),
(3986, 'Palmdale', 'USA', ''),
(3987, 'Columbia', 'USA', ''),
(3988, 'El Monte', 'USA', ''),
(3989, 'Abilene', 'USA', ''),
(3990, 'North Las Vegas', 'USA', ''),
(3991, 'Ann Arbor', 'USA', ''),
(3992, 'Beaumont', 'USA', ''),
(3993, 'Waco', 'USA', ''),
(3994, 'Macon', 'USA', ''),
(3995, 'Independence', 'USA', ''),
(3996, 'Peoria', 'USA', ''),
(3997, 'Inglewood', 'USA', ''),
(3998, 'Springfield', 'USA', ''),
(3999, 'Simi Valley', 'USA', ''),
(4000, 'Lafayette', 'USA', ''),
(4001, 'Gilbert', 'USA', ''),
(4002, 'Carrollton', 'USA', ''),
(4003, 'Bellevue', 'USA', ''),
(4004, 'West Valley City', 'USA', ''),
(4005, 'Clarksville', 'USA', ''),
(4006, 'Costa Mesa', 'USA', ''),
(4007, 'Peoria', 'USA', ''),
(4008, 'South Bend', 'USA', ''),
(4009, 'Downey', 'USA', ''),
(4010, 'Waterbury', 'USA', ''),
(4011, 'Manchester', 'USA', ''),
(4012, 'Allentown', 'USA', ''),
(4013, 'McAllen', 'USA', ''),
(4014, 'Joliet', 'USA', ''),
(4015, 'Lowell', 'USA', ''),
(4016, 'Provo', 'USA', ''),
(4017, 'West Covina', 'USA', ''),
(4018, 'Wichita Falls', 'USA', ''),
(4019, 'Erie', 'USA', ''),
(4020, 'Daly City', 'USA', ''),
(4021, 'Citrus Heights', 'USA', ''),
(4022, 'Norwalk', 'USA', ''),
(4023, 'Gary', 'USA', ''),
(4024, 'Berkeley', 'USA', ''),
(4025, 'Santa Clara', 'USA', ''),
(4026, 'Green Bay', 'USA', ''),
(4027, 'Cape Coral', 'USA', ''),
(4028, 'Arvada', 'USA', ''),
(4029, 'Pueblo', 'USA', ''),
(4030, 'Sandy', 'USA', ''),
(4031, 'Athens-Clarke County', 'USA', ''),
(4032, 'Cambridge', 'USA', ''),
(4033, 'Westminster', 'USA', ''),
(4034, 'San Buenaventura', 'USA', ''),
(4035, 'Portsmouth', 'USA', ''),
(4036, 'Livonia', 'USA', ''),
(4037, 'Burbank', 'USA', ''),
(4038, 'Clearwater', 'USA', ''),
(4039, 'Midland', 'USA', ''),
(4040, 'Davenport', 'USA', ''),
(4041, 'Mission Viejo', 'USA', ''),
(4042, 'Miami Beach', 'USA', ''),
(4043, 'Sunrise Manor', 'USA', ''),
(4044, 'New Bedford', 'USA', ''),
(4045, 'El Cajon', 'USA', ''),
(4046, 'Norman', 'USA', ''),
(4047, 'Richmond', 'USA', ''),
(4048, 'Albany', 'USA', ''),
(4049, 'Brockton', 'USA', ''),
(4050, 'Roanoke', 'USA', ''),
(4051, 'Billings', 'USA', ''),
(4052, 'Compton', 'USA', ''),
(4053, 'Gainesville', 'USA', ''),
(4054, 'Fairfield', 'USA', ''),
(4055, 'Arden-Arcade', 'USA', ''),
(4056, 'San Mateo', 'USA', ''),
(4057, 'Visalia', 'USA', ''),
(4058, 'Boulder', 'USA', ''),
(4059, 'Cary', 'USA', ''),
(4060, 'Santa Monica', 'USA', ''),
(4061, 'Fall River', 'USA', ''),
(4062, 'Kenosha', 'USA', ''),
(4063, 'Elgin', 'USA', ''),
(4064, 'Odessa', 'USA', ''),
(4065, 'Carson', 'USA', ''),
(4066, 'Charleston', 'USA', ''),
(4067, 'Charlotte Amalie', 'VIR', ''),
(4068, 'Harare', 'ZWE', ''),
(4069, 'Bulawayo', 'ZWE', ''),
(4070, 'Chitungwiza', 'ZWE', ''),
(4071, 'Mount Darwin', 'ZWE', ''),
(4072, 'Mutare', 'ZWE', ''),
(4073, 'Gweru', 'ZWE', ''),
(4074, 'Gaza', 'PSE', ''),
(4075, 'Khan Yunis', 'PSE', ''),
(4076, 'Hebron', 'PSE', ''),
(4077, 'Jabaliya', 'PSE', ''),
(4078, 'Nablus', 'PSE', ''),
(4079, 'Rafah', 'PSE', ''),
(4080, 'Filippine', 'FIL', 'Difficile definire in poche parole il contraddittorio universo che si cela dietro il nome delle Filippine.\r\nLo spettacolo naturale è uno dei più straordinari del paese: dalle foreste pluviali ai vulcani, dalle pianure coltivabili alle spiagge paradisiache. Sicuramente meraviglie della natura che vale la pena di ammirare.\r\nTeatro di divertimenti coinvolgenti è Banaue dove la tribù degli Ifugau ha trasformato le risorse acquatiche in un vero e proprio parco dei divertimenti che i filippini definiscono l’ottava meraviglia del mondo!\r\nL’avventura adatta a chi aspira a diventare un vero “caimano”.\r\nMa le Filippine purtroppo in un quadro più realistico non sono solamente questo paradiso: ne fanno parte anche le pagine più dolorose della baraccopoli intorno a Manila, la capitale, e all’estremità del paese, nell’arcipelago di Sulù la prudenza richiesta per ogni movimento è massima a causa delle numerose guerriglie che esplodono in maniera violenta tra gli abitanti.'),
(4081, 'Caraibi', 'CAR', 'Le spiagge idilliache, acque cristalline ed una flora meravigliosa con favolose musiche, vivace vita notturna, deliziosa cucina e vibrante cultura. \r\n\r\nUn’infinità di resort di ogni categoria, per ogni tasca e per ogni gusto e il tanto amato trattamento “all inclusive” sono la caratteristica principale di queste isole. \r\n\r\nMolte sorprese vi attendono da coste impervie e remote a coste dove il mare è più calmo e cristallino, ricco di pesci colorati e con la possibilità di praticare una miriade di sport acquatici. Avventurandosi poi nell’ interno di alcune isole si trovano lussureggianti giardini tropicali, piantagioni di canna da zucchero, distillerie di rum e vecchie fattorie. Una ricca e affascinante vacanza vi attende. \r\n\r\nVoglia di mare ma non solo... sport, shopping e vita notturna contraddistinguono alcune isole, ponendole in diretta competizione con il tour negli USA. \r\n');

-- --------------------------------------------------------

--
-- Struttura della tabella `Country`
--

CREATE TABLE IF NOT EXISTS `Country` (
  `Code` char(3) NOT NULL DEFAULT '',
  `Name` char(52) NOT NULL DEFAULT '',
  `Continent` enum('Asia','Europe','North America','Africa','Oceania','Antarctica','South America') NOT NULL DEFAULT 'Asia',
  `Region` char(26) NOT NULL DEFAULT '',
  `LocalName` char(45) NOT NULL DEFAULT '',
  `Capital` int(11) DEFAULT NULL,
  PRIMARY KEY (`Code`)
) ENGINE=MyISAM DEFAULT CHARSET=latin1;

--
-- Dump dei dati per la tabella `Country`
--

INSERT INTO `Country` (`Code`, `Name`, `Continent`, `Region`, `LocalName`, `Capital`) VALUES
('ABW', 'Aruba', 'North America', 'Caribbean', 'Aruba', 129),
('AFG', 'Afghanistan', 'Asia', 'Southern and Central Asia', 'Afganistan/Afqanestan', 1),
('AGO', 'Angola', 'Africa', 'Central Africa', 'Angola', 56),
('AIA', 'Anguilla', 'North America', 'Caribbean', 'Anguilla', 62),
('ALB', 'Albania', 'Europe', 'Southern Europe', 'Shqipëria', 34),
('AND', 'Andorra', 'Europe', 'Southern Europe', 'Andorra', 55),
('ANT', 'Netherlands Antilles', 'North America', 'Caribbean', 'Nederlandse Antillen', 33),
('ARE', 'United Arab Emirates', 'Asia', 'Middle East', 'Al-Imarat al-´Arabiya al-Muttahida', 65),
('ARG', 'Argentina', 'South America', 'South America', 'Argentina', 69),
('ARM', 'Armenia', 'Asia', 'Middle East', 'Hajastan', 126),
('ASM', 'American Samoa', 'Oceania', 'Polynesia', 'Amerika Samoa', 54),
('ATA', 'Antarctica', 'Antarctica', 'Antarctica', '–', NULL),
('ATF', 'French Southern territories', 'Antarctica', 'Antarctica', 'Terres australes françaises', NULL),
('ATG', 'Antigua and Barbuda', 'North America', 'Caribbean', 'Antigua and Barbuda', 63),
('AUS', 'Australia', 'Oceania', 'Australia and New Zealand', 'Australia', 135),
('AUT', 'Austria', 'Europe', 'Western Europe', 'Österreich', 1523),
('AZE', 'Azerbaijan', 'Asia', 'Middle East', 'Azärbaycan', 144),
('BDI', 'Burundi', 'Africa', 'Eastern Africa', 'Burundi/Uburundi', 552),
('BEL', 'Belgium', 'Europe', 'Western Europe', 'België/Belgique', 179),
('BEN', 'Benin', 'Africa', 'Western Africa', 'Bénin', 187),
('BFA', 'Burkina Faso', 'Africa', 'Western Africa', 'Burkina Faso', 549),
('BGD', 'Bangladesh', 'Asia', 'Southern and Central Asia', 'Bangladesh', 150),
('BGR', 'Bulgaria', 'Europe', 'Eastern Europe', 'Balgarija', 539),
('BHR', 'Bahrain', 'Asia', 'Middle East', 'Al-Bahrayn', 149),
('BHS', 'Bahamas', 'North America', 'Caribbean', 'The Bahamas', 148),
('BIH', 'Bosnia and Herzegovina', 'Europe', 'Southern Europe', 'Bosna i Hercegovina', 201),
('BLR', 'Belarus', 'Europe', 'Eastern Europe', 'Belarus', 3520),
('BLZ', 'Belize', 'North America', 'Central America', 'Belize', 185),
('BMU', 'Bermuda', 'North America', 'North America', 'Bermuda', 191),
('BOL', 'Bolivia', 'South America', 'South America', 'Bolivia', 194),
('BRA', 'Brazil', 'South America', 'South America', 'Brasil', 211),
('BRB', 'Barbados', 'North America', 'Caribbean', 'Barbados', 174),
('BRN', 'Brunei', 'Asia', 'Southeast Asia', 'Brunei Darussalam', 538),
('BTN', 'Bhutan', 'Asia', 'Southern and Central Asia', 'Druk-Yul', 192),
('BVT', 'Bouvet Island', 'Antarctica', 'Antarctica', 'Bouvetøya', NULL),
('BWA', 'Botswana', 'Africa', 'Southern Africa', 'Botswana', 204),
('CAF', 'Central African Republic', 'Africa', 'Central Africa', 'Centrafrique/Bê-Afrîka', 1889),
('CAN', 'Canada', 'North America', 'North America', 'Canada', 1822),
('CCK', 'Cocos (Keeling) Islands', 'Oceania', 'Australia and New Zealand', 'Cocos (Keeling) Islands', 2317),
('CHE', 'Switzerland', 'Europe', 'Western Europe', 'Schweiz/Suisse/Svizzera/Svizra', 3248),
('CHL', 'Chile', 'South America', 'South America', 'Chile', 554),
('CHN', 'China', 'Asia', 'Eastern Asia', 'Zhongquo', 1891),
('CIV', 'Côte d’Ivoire', 'Africa', 'Western Africa', 'Côte d’Ivoire', 2814),
('CMR', 'Cameroon', 'Africa', 'Central Africa', 'Cameroun/Cameroon', 1804),
('COD', 'Congo, The Democratic Republic of the', 'Africa', 'Central Africa', 'République Démocratique du Congo', 2298),
('COG', 'Congo', 'Africa', 'Central Africa', 'Congo', 2296),
('COK', 'Cook Islands', 'Oceania', 'Polynesia', 'The Cook Islands', 583),
('COL', 'Colombia', 'South America', 'South America', 'Colombia', 2257),
('COM', 'Comoros', 'Africa', 'Eastern Africa', 'Komori/Comores', 2295),
('CPV', 'Cape Verde', 'Africa', 'Western Africa', 'Cabo Verde', 1859),
('CRI', 'Costa Rica', 'North America', 'Central America', 'Costa Rica', 584),
('CUB', 'Cuba', 'North America', 'Caribbean', 'Cuba', 2413),
('CXR', 'Christmas Island', 'Oceania', 'Australia and New Zealand', 'Christmas Island', 1791),
('CYM', 'Cayman Islands', 'North America', 'Caribbean', 'Cayman Islands', 553),
('CYP', 'Cyprus', 'Asia', 'Middle East', 'Kýpros/Kibris', 2430),
('CZE', 'Czech Republic', 'Europe', 'Eastern Europe', '¸esko', 3339),
('DEU', 'Germany', 'Europe', 'Western Europe', 'Deutschland', 3068),
('DJI', 'Djibouti', 'Africa', 'Eastern Africa', 'Djibouti/Jibuti', 585),
('DMA', 'Dominica', 'North America', 'Caribbean', 'Dominica', 586),
('DNK', 'Denmark', 'Europe', 'Nordic Countries', 'Danmark', 3315),
('DOM', 'Dominican Republic', 'North America', 'Caribbean', 'República Dominicana', 587),
('DZA', 'Algeria', 'Africa', 'Northern Africa', 'Al-Jaza’ir/Algérie', 35),
('ECU', 'Ecuador', 'South America', 'South America', 'Ecuador', 594),
('EGY', 'Egypt', 'Africa', 'Northern Africa', 'Misr', 608),
('ERI', 'Eritrea', 'Africa', 'Eastern Africa', 'Ertra', 652),
('ESH', 'Western Sahara', 'Africa', 'Northern Africa', 'As-Sahrawiya', 2453),
('ESP', 'Spain', 'Europe', 'Southern Europe', 'España', 653),
('EST', 'Estonia', 'Europe', 'Baltic Countries', 'Eesti', 3791),
('ETH', 'Ethiopia', 'Africa', 'Eastern Africa', 'YeItyop´iya', 756),
('FIN', 'Finland', 'Europe', 'Nordic Countries', 'Suomi', 3236),
('FJI', 'Fiji Islands', 'Oceania', 'Melanesia', 'Fiji Islands', 764),
('FLK', 'Falkland Islands', 'South America', 'South America', 'Falkland Islands', 763),
('FRA', 'France', 'Europe', 'Western Europe', 'France', 2974),
('FRO', 'Faroe Islands', 'Europe', 'Nordic Countries', 'Føroyar', 901),
('FSM', 'Micronesia, Federated States of', 'Oceania', 'Micronesia', 'Micronesia', 2689),
('GAB', 'Gabon', 'Africa', 'Central Africa', 'Le Gabon', 902),
('GBR', 'United Kingdom', 'Europe', 'British Islands', 'United Kingdom', 456),
('GEO', 'Georgia', 'Asia', 'Middle East', 'Sakartvelo', 905),
('GHA', 'Ghana', 'Africa', 'Western Africa', 'Ghana', 910),
('GIB', 'Gibraltar', 'Europe', 'Southern Europe', 'Gibraltar', 915),
('GIN', 'Guinea', 'Africa', 'Western Africa', 'Guinée', 926),
('GLP', 'Guadeloupe', 'North America', 'Caribbean', 'Guadeloupe', 919),
('GMB', 'Gambia', 'Africa', 'Western Africa', 'The Gambia', 904),
('GNB', 'Guinea-Bissau', 'Africa', 'Western Africa', 'Guiné-Bissau', 927),
('GNQ', 'Equatorial Guinea', 'Africa', 'Central Africa', 'Guinea Ecuatorial', 2972),
('GRC', 'Greece', 'Europe', 'Southern Europe', 'Elláda', 2401),
('GRD', 'Grenada', 'North America', 'Caribbean', 'Grenada', 916),
('GRL', 'Greenland', 'North America', 'North America', 'Kalaallit Nunaat/Grønland', 917),
('GTM', 'Guatemala', 'North America', 'Central America', 'Guatemala', 922),
('GUF', 'French Guiana', 'South America', 'South America', 'Guyane française', 3014),
('GUM', 'Guam', 'Oceania', 'Micronesia', 'Guam', 921),
('GUY', 'Guyana', 'South America', 'South America', 'Guyana', 928),
('HKG', 'Hong Kong', 'Asia', 'Eastern Asia', 'Xianggang/Hong Kong', 937),
('HMD', 'Heard Island and McDonald Islands', 'Antarctica', 'Antarctica', 'Heard and McDonald Islands', NULL),
('HND', 'Honduras', 'North America', 'Central America', 'Honduras', 933),
('HRV', 'Croatia', 'Europe', 'Southern Europe', 'Hrvatska', 2409),
('HTI', 'Haiti', 'North America', 'Caribbean', 'Haïti/Dayti', 929),
('HUN', 'Hungary', 'Europe', 'Eastern Europe', 'Magyarország', 3483),
('IDN', 'Indonesia', 'Asia', 'Southeast Asia', 'Indonesia', 939),
('IND', 'India', 'Asia', 'Southern and Central Asia', 'Bharat/India', 1109),
('IOT', 'British Indian Ocean Territory', 'Africa', 'Eastern Africa', 'British Indian Ocean Territory', NULL),
('IRL', 'Ireland', 'Europe', 'British Islands', 'Ireland/Éire', 1447),
('IRN', 'Iran', 'Asia', 'Southern and Central Asia', 'Iran', 1380),
('IRQ', 'Iraq', 'Asia', 'Middle East', 'Al-´Iraq', 1365),
('ISL', 'Iceland', 'Europe', 'Nordic Countries', 'Ísland', 1449),
('ISR', 'Israel', 'Asia', 'Middle East', 'Yisra’el/Isra’il', 1450),
('ITA', 'Italy', 'Europe', 'Southern Europe', 'Italia', 1464),
('JAM', 'Jamaica', 'North America', 'Caribbean', 'Jamaica', 1530),
('JOR', 'Jordan', 'Asia', 'Middle East', 'Al-Urdunn', 1786),
('JPN', 'Japan', 'Asia', 'Eastern Asia', 'Nihon/Nippon', 1532),
('KAZ', 'Kazakstan', 'Asia', 'Southern and Central Asia', 'Qazaqstan', 1864),
('KEN', 'Kenya', 'Africa', 'Eastern Africa', 'Kenya', 1881),
('KGZ', 'Kyrgyzstan', 'Asia', 'Southern and Central Asia', 'Kyrgyzstan', 2253),
('KHM', 'Cambodia', 'Asia', 'Southeast Asia', 'Kâmpuchéa', 1800),
('KIR', 'Kiribati', 'Oceania', 'Micronesia', 'Kiribati', 2256),
('KNA', 'Saint Kitts and Nevis', 'North America', 'Caribbean', 'Saint Kitts and Nevis', 3064),
('KOR', 'South Korea', 'Asia', 'Eastern Asia', 'Taehan Min’guk (Namhan)', 2331),
('KWT', 'Kuwait', 'Asia', 'Middle East', 'Al-Kuwayt', 2429),
('LAO', 'Laos', 'Asia', 'Southeast Asia', 'Lao', 2432),
('LBN', 'Lebanon', 'Asia', 'Middle East', 'Lubnan', 2438),
('LBR', 'Liberia', 'Africa', 'Western Africa', 'Liberia', 2440),
('LBY', 'Libyan Arab Jamahiriya', 'Africa', 'Northern Africa', 'Libiya', 2441),
('LCA', 'Saint Lucia', 'North America', 'Caribbean', 'Saint Lucia', 3065),
('LIE', 'Liechtenstein', 'Europe', 'Western Europe', 'Liechtenstein', 2446),
('LKA', 'Sri Lanka', 'Asia', 'Southern and Central Asia', 'Sri Lanka/Ilankai', 3217),
('LSO', 'Lesotho', 'Africa', 'Southern Africa', 'Lesotho', 2437),
('LTU', 'Lithuania', 'Europe', 'Baltic Countries', 'Lietuva', 2447),
('LUX', 'Luxembourg', 'Europe', 'Western Europe', 'Luxembourg/Lëtzebuerg', 2452),
('LVA', 'Latvia', 'Europe', 'Baltic Countries', 'Latvija', 2434),
('MAC', 'Macao', 'Asia', 'Eastern Asia', 'Macau/Aomen', 2454),
('MAR', 'Morocco', 'Africa', 'Northern Africa', 'Al-Maghrib', 2486),
('MCO', 'Monaco', 'Europe', 'Western Europe', 'Monaco', 2695),
('MDA', 'Moldova', 'Europe', 'Eastern Europe', 'Moldova', 2690),
('MDG', 'Madagascar', 'Africa', 'Eastern Africa', 'Madagasikara/Madagascar', 2455),
('MDV', 'Maldives', 'Asia', 'Southern and Central Asia', 'Dhivehi Raajje/Maldives', 2463),
('MEX', 'Mexico', 'North America', 'Central America', 'México', 2515),
('MHL', 'Marshall Islands', 'Oceania', 'Micronesia', 'Marshall Islands/Majol', 2507),
('MKD', 'Macedonia', 'Europe', 'Southern Europe', 'Makedonija', 2460),
('MLI', 'Mali', 'Africa', 'Western Africa', 'Mali', 2482),
('MLT', 'Malta', 'Europe', 'Southern Europe', 'Malta', 2484),
('MMR', 'Myanmar', 'Asia', 'Southeast Asia', 'Myanma Pye', 2710),
('MNG', 'Mongolia', 'Asia', 'Eastern Asia', 'Mongol Uls', 2696),
('MNP', 'Northern Mariana Islands', 'Oceania', 'Micronesia', 'Northern Mariana Islands', 2913),
('MOZ', 'Mozambique', 'Africa', 'Eastern Africa', 'Moçambique', 2698),
('MRT', 'Mauritania', 'Africa', 'Western Africa', 'Muritaniya/Mauritanie', 2509),
('MSR', 'Montserrat', 'North America', 'Caribbean', 'Montserrat', 2697),
('MTQ', 'Martinique', 'North America', 'Caribbean', 'Martinique', 2508),
('MUS', 'Mauritius', 'Africa', 'Eastern Africa', 'Mauritius', 2511),
('MWI', 'Malawi', 'Africa', 'Eastern Africa', 'Malawi', 2462),
('MYS', 'Malaysia', 'Asia', 'Southeast Asia', 'Malaysia', 2464),
('MYT', 'Mayotte', 'Africa', 'Eastern Africa', 'Mayotte', 2514),
('NAM', 'Namibia', 'Africa', 'Southern Africa', 'Namibia', 2726),
('NCL', 'New Caledonia', 'Oceania', 'Melanesia', 'Nouvelle-Calédonie', 3493),
('NER', 'Niger', 'Africa', 'Western Africa', 'Niger', 2738),
('NFK', 'Norfolk Island', 'Oceania', 'Australia and New Zealand', 'Norfolk Island', 2806),
('NGA', 'Nigeria', 'Africa', 'Western Africa', 'Nigeria', 2754),
('NIC', 'Nicaragua', 'North America', 'Central America', 'Nicaragua', 2734),
('NIU', 'Niue', 'Oceania', 'Polynesia', 'Niue', 2805),
('NLD', 'Netherlands', 'Europe', 'Western Europe', 'Nederland', 5),
('NOR', 'Norway', 'Europe', 'Nordic Countries', 'Norge', 2807),
('NPL', 'Nepal', 'Asia', 'Southern and Central Asia', 'Nepal', 2729),
('NRU', 'Nauru', 'Oceania', 'Micronesia', 'Naoero/Nauru', 2728),
('NZL', 'New Zealand', 'Oceania', 'Australia and New Zealand', 'New Zealand/Aotearoa', 3499),
('OMN', 'Oman', 'Asia', 'Middle East', '´Uman', 2821),
('PAK', 'Pakistan', 'Asia', 'Southern and Central Asia', 'Pakistan', 2831),
('PAN', 'Panama', 'North America', 'Central America', 'Panamá', 2882),
('PCN', 'Pitcairn', 'Oceania', 'Polynesia', 'Pitcairn', 2912),
('PER', 'Peru', 'South America', 'South America', 'Perú/Piruw', 2890),
('PHL', 'Philippines', 'Asia', 'Southeast Asia', 'Pilipinas', 766),
('PLW', 'Palau', 'Oceania', 'Micronesia', 'Belau/Palau', 2881),
('PNG', 'Papua New Guinea', 'Oceania', 'Melanesia', 'Papua New Guinea/Papua Niugini', 2884),
('POL', 'Poland', 'Europe', 'Eastern Europe', 'Polska', 2928),
('PRI', 'Puerto Rico', 'North America', 'Caribbean', 'Puerto Rico', 2919),
('PRK', 'North Korea', 'Asia', 'Eastern Asia', 'Choson Minjujuui In´min Konghwaguk (Bukhan)', 2318),
('PRT', 'Portugal', 'Europe', 'Southern Europe', 'Portugal', 2914),
('PRY', 'Paraguay', 'South America', 'South America', 'Paraguay', 2885),
('PSE', 'Palestine', 'Asia', 'Middle East', 'Filastin', 4074),
('PYF', 'French Polynesia', 'Oceania', 'Polynesia', 'Polynésie française', 3016),
('QAT', 'Qatar', 'Asia', 'Middle East', 'Qatar', 2973),
('REU', 'Réunion', 'Africa', 'Eastern Africa', 'Réunion', 3017),
('ROM', 'Romania', 'Europe', 'Eastern Europe', 'România', 3018),
('RUS', 'Russian Federation', 'Europe', 'Eastern Europe', 'Rossija', 3580),
('RWA', 'Rwanda', 'Africa', 'Eastern Africa', 'Rwanda/Urwanda', 3047),
('SAU', 'Saudi Arabia', 'Asia', 'Middle East', 'Al-´Arabiya as-Sa´udiya', 3173),
('SDN', 'Sudan', 'Africa', 'Northern Africa', 'As-Sudan', 3225),
('SEN', 'Senegal', 'Africa', 'Western Africa', 'Sénégal/Sounougal', 3198),
('SGP', 'Singapore', 'Asia', 'Southeast Asia', 'Singapore/Singapura/Xinjiapo/Singapur', 3208),
('SGS', 'South Georgia and the South Sandwich Islands', 'Antarctica', 'Antarctica', 'South Georgia and the South Sandwich Islands', NULL),
('SHN', 'Saint Helena', 'Africa', 'Western Africa', 'Saint Helena', 3063),
('SJM', 'Svalbard and Jan Mayen', 'Europe', 'Nordic Countries', 'Svalbard og Jan Mayen', 938),
('SLB', 'Solomon Islands', 'Oceania', 'Melanesia', 'Solomon Islands', 3161),
('SLE', 'Sierra Leone', 'Africa', 'Western Africa', 'Sierra Leone', 3207),
('SLV', 'El Salvador', 'North America', 'Central America', 'El Salvador', 645),
('SMR', 'San Marino', 'Europe', 'Southern Europe', 'San Marino', 3171),
('SOM', 'Somalia', 'Africa', 'Eastern Africa', 'Soomaaliya', 3214),
('SPM', 'Saint Pierre and Miquelon', 'North America', 'North America', 'Saint-Pierre-et-Miquelon', 3067),
('STP', 'Sao Tome and Principe', 'Africa', 'Central Africa', 'São Tomé e Príncipe', 3172),
('SUR', 'Suriname', 'South America', 'South America', 'Suriname', 3243),
('SVK', 'Slovakia', 'Europe', 'Eastern Europe', 'Slovensko', 3209),
('SVN', 'Slovenia', 'Europe', 'Southern Europe', 'Slovenija', 3212),
('SWE', 'Sweden', 'Europe', 'Nordic Countries', 'Sverige', 3048),
('SWZ', 'Swaziland', 'Africa', 'Southern Africa', 'kaNgwane', 3244),
('SYC', 'Seychelles', 'Africa', 'Eastern Africa', 'Sesel/Seychelles', 3206),
('SYR', 'Syria', 'Asia', 'Middle East', 'Suriya', 3250),
('TCA', 'Turks and Caicos Islands', 'North America', 'Caribbean', 'The Turks and Caicos Islands', 3423),
('TCD', 'Chad', 'Africa', 'Central Africa', 'Tchad/Tshad', 3337),
('TGO', 'Togo', 'Africa', 'Western Africa', 'Togo', 3332),
('THA', 'Thailand', 'Asia', 'Southeast Asia', 'Prathet Thai', 3320),
('TJK', 'Tajikistan', 'Asia', 'Southern and Central Asia', 'Toçikiston', 3261),
('TKL', 'Tokelau', 'Oceania', 'Polynesia', 'Tokelau', 3333),
('TKM', 'Turkmenistan', 'Asia', 'Southern and Central Asia', 'Türkmenostan', 3419),
('TMP', 'East Timor', 'Asia', 'Southeast Asia', 'Timor Timur', 1522),
('TON', 'Tonga', 'Oceania', 'Polynesia', 'Tonga', 3334),
('TTO', 'Trinidad and Tobago', 'North America', 'Caribbean', 'Trinidad and Tobago', 3336),
('TUN', 'Tunisia', 'Africa', 'Northern Africa', 'Tunis/Tunisie', 3349),
('TUR', 'Turkey', 'Asia', 'Middle East', 'Türkiye', 3358),
('TUV', 'Tuvalu', 'Oceania', 'Polynesia', 'Tuvalu', 3424),
('TWN', 'Taiwan', 'Asia', 'Eastern Asia', 'T’ai-wan', 3263),
('TZA', 'Tanzania', 'Africa', 'Eastern Africa', 'Tanzania', 3306),
('UGA', 'Uganda', 'Africa', 'Eastern Africa', 'Uganda', 3425),
('UKR', 'Ukraine', 'Europe', 'Eastern Europe', 'Ukrajina', 3426),
('UMI', 'United States Minor Outlying Islands', 'Oceania', 'Micronesia/Caribbean', 'United States Minor Outlying Islands', NULL),
('URY', 'Uruguay', 'South America', 'South America', 'Uruguay', 3492),
('USA', 'United States', 'North America', 'North America', 'United States', 3813),
('UZB', 'Uzbekistan', 'Asia', 'Southern and Central Asia', 'Uzbekiston', 3503),
('VAT', 'Holy See (Vatican City State)', 'Europe', 'Southern Europe', 'Santa Sede/Città del Vaticano', 3538),
('VCT', 'Saint Vincent and the Grenadines', 'North America', 'Caribbean', 'Saint Vincent and the Grenadines', 3066),
('VEN', 'Venezuela', 'South America', 'South America', 'Venezuela', 3539),
('VGB', 'Virgin Islands, British', 'North America', 'Caribbean', 'British Virgin Islands', 537),
('VIR', 'Virgin Islands, U.S.', 'North America', 'Caribbean', 'Virgin Islands of the United States', 4067),
('VNM', 'Vietnam', 'Asia', 'Southeast Asia', 'Viêt Nam', 3770),
('VUT', 'Vanuatu', 'Oceania', 'Melanesia', 'Vanuatu', 3537),
('WLF', 'Wallis and Futuna', 'Oceania', 'Polynesia', 'Wallis-et-Futuna', 3536),
('WSM', 'Samoa', 'Oceania', 'Polynesia', 'Samoa', 3169),
('YEM', 'Yemen', 'Asia', 'Middle East', 'Al-Yaman', 1780),
('YUG', 'Yugoslavia', 'Europe', 'Southern Europe', 'Jugoslavija', 1792),
('ZAF', 'South Africa', 'Africa', 'Southern Africa', 'South Africa', 716),
('ZMB', 'Zambia', 'Africa', 'Eastern Africa', 'Zambia', 3162),
('ZWE', 'Zimbabwe', 'Africa', 'Eastern Africa', 'Zimbabwe', 4068);

-- --------------------------------------------------------

--
-- Struttura della tabella `utenti`
--

CREATE TABLE IF NOT EXISTS `utenti` (
  `id` int(11) NOT NULL AUTO_INCREMENT,
  `nome` varchar(30) DEFAULT NULL,
  `cognome` varchar(60) DEFAULT NULL,
  `username` varchar(100) DEFAULT NULL,
  `password` varchar(15) DEFAULT NULL,
  `email` varchar(70) DEFAULT NULL,
  `oauth_uid` varchar(200) DEFAULT NULL,
  `oauth_provider` varchar(200) DEFAULT NULL,
  PRIMARY KEY (`id`)
) ENGINE=MyISAM  DEFAULT CHARSET=latin1 AUTO_INCREMENT=8 ;

--
-- Dump dei dati per la tabella `utenti`
--

INSERT INTO `utenti` (`id`, `nome`, `cognome`, `username`, `password`, `email`, `oauth_uid`, `oauth_provider`) VALUES
(1, 'ale', 'fur', 'aleffo', '123123', 'alessio.furfari@gmail.com', NULL, NULL),
(2, 'Matteo', 'Lisi', 'lisick', '123123', 'lisick@hotmail.it', NULL, NULL),
(3, 'Alessio', 'Furfari', 'AlessioFurfari', NULL, 'alessio.furfari@gmail.com', '10206930320170720', 'facebook'),
(4, 'francesco', 'sacconi', 'frasac', 'frasac', 'leonida2390@gmail.com', NULL, NULL),
(5, 'Simone', 'doffizi', 'doff', 'vivalafica', 'simoned.uni@gmail.com', NULL, NULL),
(6, 'Macchia', 'Furfari', 'MacchiaFurfari', NULL, 'afspaces@hotmail.it', '1184712044881377', 'facebook'),
(7, 'Matteo', 'Lisi', 'MatteoLisi', NULL, 'lisick@hotmail.it', '10209563490114092', 'facebook');

-- --------------------------------------------------------

--
-- Struttura della tabella `Vacanze`
--

CREATE TABLE IF NOT EXISTS `Vacanze` (
  `ID` int(11) NOT NULL AUTO_INCREMENT,
  `UtenteId` char(11) NOT NULL,
  `CityId` int(11) NOT NULL,
  `Data` date NOT NULL,
  PRIMARY KEY (`ID`),
  KEY `CityId` (`CityId`),
  KEY `utenteId` (`UtenteId`)
) ENGINE=MyISAM  DEFAULT CHARSET=latin1 AUTO_INCREMENT=6 ;

--
-- Dump dei dati per la tabella `Vacanze`
--

INSERT INTO `Vacanze` (`ID`, `UtenteId`, `CityId`, `Data`) VALUES
(1, '1', 1464, '2015-11-30'),
(3, '1', 2974, '2015-12-02'),
(4, '2', 2974, '2015-12-02'),
(5, '2', 1472, '2016-04-18');

/*!40101 SET CHARACTER_SET_CLIENT=@OLD_CHARACTER_SET_CLIENT */;
/*!40101 SET CHARACTER_SET_RESULTS=@OLD_CHARACTER_SET_RESULTS */;
/*!40101 SET COLLATION_CONNECTION=@OLD_COLLATION_CONNECTION */;
